team,games,wins,win_pct,covers,cover_pct,win_rating,spread_rating,value_score
Stephen F. Austin Lumberjacks,13,10,0.7692307692307693,11,0.8461538461538461,0.477262124585108,1.0,0.5227378754148919
Mercer Bears,9,3,0.3333333333333333,8,0.8888888888888888,0.17917883797518203,0.8996096004847652,0.7204307625095832
Michigan Wolverines,13,13,1.0,9,0.6923076923076923,1.0,0.8947155914955641,-0.10528440850443588
Tarleton State Texans,12,7,0.5833333333333334,11,0.9166666666666666,0.23008409932503696,0.847606503698344,0.6175224043733071
Sam Houston St Bearkats,11,5,0.45454545454545453,9,0.8181818181818182,0.2405075438199482,0.8113517982515541,0.5708442544316059
Buffalo Bulls,12,10,0.8333333333333334,9,0.75,0.4333478415651668,0.8108361274549118,0.37748828588974503
William & Mary Tribe,12,8,0.6666666666666666,10,0.8333333333333334,0.3545537233379659,0.7870159045227193,0.4324621811847534
Illinois St Redbirds,13,10,0.7692307692307693,9,0.6923076923076923,0.43895455668951316,0.7304796029782293,0.29152504628871617
Prairie View Panthers,10,1,0.1,8,0.8,0.0599717277059823,0.7033725809313138,0.6434008532253315
Central Arkansas Bears,10,4,0.4,6,0.6,0.15475169634745528,0.6049121991830179,0.4501605028355626
LIU Sharks,13,7,0.5384615384615384,9,0.6923076923076923,0.20956888630099568,0.6042592592064723,0.3946903729054766
Villanova Wildcats,14,12,0.8571428571428571,10,0.7142857142857143,0.681426599623274,0.6006520710130152,-0.0807745286102588
Hofstra Pride,11,7,0.6363636363636364,9,0.8181818181818182,0.32399087111746516,0.5803072095467444,0.25631633842927926
Tulsa Golden Hurricane,12,10,0.8333333333333334,8,0.6666666666666666,0.5363673327032039,0.5794437203383698,0.04307638763516586
UCF Knights,13,12,0.9230769230769231,7,0.5384615384615384,0.6273678667763126,0.5701021681861079,-0.057265698590204694
Murray St Racers,16,13,0.8125,10,0.625,0.4911359464947946,0.5339066194465167,0.042770672951722155
Idaho State Bengals,12,5,0.4166666666666667,9,0.75,0.20377590152256125,0.5277534421797163,0.32397754065715506
Denver Pioneers,14,5,0.35714285714285715,10,0.7142857142857143,0.08572365436666193,0.5242602810108624,0.43853662664420046
Miami (OH) RedHawks,10,10,1.0,8,0.8,0.4755713105758679,0.5211345352802256,0.0455632247043577
Wagner Seahawks,9,3,0.3333333333333333,6,0.6666666666666666,0.10415387577986789,0.5067012889831579,0.40254741320329
Northern Iowa Panthers,13,11,0.8461538461538461,9,0.6923076923076923,0.527799841551437,0.5057207667453995,-0.022079074806037546
Grambling St Tigers,12,6,0.5,9,0.75,0.15178851454999034,0.49979296538193485,0.34800445083194453
Middle Tennessee Blue Raiders,11,6,0.5454545454545454,6,0.5454545454545454,0.24203977177559086,0.49956716862854234,0.25752739685295145
Kansas Jayhawks,14,10,0.7142857142857143,9,0.6428571428571429,0.5776546311520653,0.49610280494807146,-0.08155182620399382
Akron Zips,12,8,0.6666666666666666,8,0.6666666666666666,0.4645550384571537,0.4960625514664906,0.03150751300933691
Portland St Vikings,10,5,0.5,9,0.9,0.21504273692101655,0.4916574313524689,0.27661469443145237
UT-Arlington Mavericks,13,8,0.6153846153846154,8,0.6153846153846154,0.24762651116601525,0.48768238828686117,0.24005587712084592
Wichita St Shockers,14,8,0.5714285714285714,9,0.6428571428571429,0.402392395293429,0.4858853277264214,0.08349293243299238
Arizona Wildcats,14,14,1.0,9,0.6428571428571429,0.858987271703536,0.4781043786696486,-0.38088289303388734
Butler Bulldogs,15,10,0.6666666666666666,9,0.6,0.3954654314290524,0.47156608059064364,0.07610064916159126
UC San Diego Tritons,11,8,0.7272727272727273,8,0.7272727272727273,0.5117157271616691,0.46172112637714846,-0.04999460078452067
Incarnate Word Cardinals,11,5,0.45454545454545453,7,0.6363636363636364,0.2236649640416773,0.44796800436590134,0.22430304032422405
Montana St Bobcats,12,5,0.4166666666666667,8,0.6666666666666666,0.2287693018914934,0.4441833566887345,0.2154140547972411
Oakland Golden Grizzlies,14,6,0.42857142857142855,8,0.5714285714285714,0.18814465221092563,0.44175442708381923,0.2536097748728936
Purdue Boilermakers,14,13,0.9285714285714286,9,0.6428571428571429,0.8243677388626744,0.4385284761934424,-0.3858392626692321
Texas A&M-CC Islanders,11,4,0.36363636363636365,6,0.5454545454545454,0.14792791047274065,0.4366108356267601,0.2886829251540195
Saint Louis Billikens,13,12,0.9230769230769231,8,0.6153846153846154,0.6868732035359812,0.4355449855975749,-0.2513282179384064
Saint Mary's Gaels,14,13,0.9285714285714286,8,0.5714285714285714,0.7887835836356735,0.43139935092386045,-0.357384232711813
Boise State Broncos,11,8,0.7272727272727273,8,0.7272727272727273,0.5239793030669777,0.420842722060235,-0.10313658100674272
Arkansas-Pine Bluff Golden Lions,10,3,0.3,6,0.6,0.1017121368823962,0.4190121296125505,0.3172999927301543
West Georgia Wolves,11,6,0.5454545454545454,8,0.7272727272727273,0.12437767437201615,0.4093348889528931,0.28495721458087697
Utah Tech Trailblazers,13,6,0.46153846153846156,8,0.6153846153846154,0.15953347075353372,0.4024770069049861,0.2429435361514524
Seton Hall Pirates,15,13,0.8666666666666667,9,0.6,0.6439878291290475,0.4017404962306452,-0.24224733289840228
Army Knights,9,3,0.3333333333333333,7,0.7777777777777778,0.10400949165013063,0.40140033618416815,0.2973908445340375
Wyoming Cowboys,12,8,0.6666666666666666,6,0.5,0.37258063797784796,0.39710656245854264,0.024525924480694683
Eastern Illinois Panthers,12,2,0.16666666666666666,7,0.5833333333333334,0.06277961365076125,0.39707573591866174,0.3342961222679005
Nicholls St Colonels,13,6,0.46153846153846156,6,0.46153846153846156,0.12634439210248458,0.39464047372181177,0.26829608161932716
Maryland-Eastern Shore Hawks,15,2,0.13333333333333333,10,0.6666666666666666,0.041897608622208496,0.38987187063767215,0.34797426201546366
Florida Int'l Golden Panthers,10,5,0.5,8,0.8,0.23593190522299182,0.3861986711907341,0.15026676596774227
Iowa Hawkeyes,14,12,0.8571428571428571,11,0.7857142857142857,0.6312610995288421,0.3829271413564977,-0.24833395817234444
Weber State Wildcats,13,5,0.38461538461538464,7,0.5384615384615384,0.15527189618375808,0.3790792014768543,0.22380730529309623
Notre Dame Fighting Irish,14,10,0.7142857142857143,9,0.6428571428571429,0.498755695453326,0.37851142309426405,-0.12024427235906193
Indiana St Sycamores,13,6,0.46153846153846156,9,0.6923076923076923,0.171229321751495,0.37771457136404857,0.20648524961255357
SMU Mustangs,14,12,0.8571428571428571,7,0.5,0.6486824621473765,0.37411316332982314,-0.2745692988175533
UT Rio Grande Valley Vaqueros,13,5,0.38461538461538464,7,0.5384615384615384,0.18367410743449875,0.3691066325553103,0.18543252512081154
Marist Red Foxes,13,8,0.6153846153846154,7,0.5384615384615384,0.3488067309536594,0.36326719589335427,0.014460464939694884
Tennessee St Tigers,10,6,0.6,8,0.8,0.15072977808938368,0.3623839388668972,0.2116541607775135
Pennsylvania Quakers,10,5,0.5,7,0.7,0.2552797023003333,0.35988523353759616,0.10460553123726285
UC Davis Aggies,12,6,0.5,7,0.5833333333333334,0.2494395505462488,0.35944414299301647,0.11000459244676766
Vanderbilt Commodores,11,11,1.0,7,0.6363636363636364,0.7608409695154038,0.35909524742242727,-0.40174572209297654
Columbia Lions,12,9,0.75,7,0.5833333333333334,0.3145746630957565,0.3486278436023673,0.034053180506610825
Iona Gaels,15,10,0.6666666666666666,9,0.6,0.23928231873123468,0.3423370295740792,0.10305471084284451
Bellarmine Knights,11,3,0.2727272727272727,8,0.7272727272727273,0.09240665349729263,0.34013817321639017,0.24773151971909754
Arkansas St Red Wolves,13,8,0.6153846153846154,9,0.6923076923076923,0.31579394420725077,0.3395499240887804,0.02375597988152961
McNeese Cowboys,13,10,0.7692307692307693,7,0.5384615384615384,0.4162797899683399,0.3390151810948266,-0.07726460887351333
Iowa State Cyclones,13,13,1.0,7,0.5384615384615384,0.7859030511452295,0.33837445699910945,-0.44752859414612006
Liberty Flames,9,8,0.8888888888888888,5,0.5555555555555556,0.44106917006112706,0.3346530020934407,-0.10641616796768638
Charlotte 49ers,13,6,0.46153846153846156,6,0.46153846153846156,0.2503865006198701,0.3306780882777693,0.08029158765789918
GW Revolutionaries,14,10,0.7142857142857143,8,0.5714285714285714,0.4867170396408576,0.3257040325671954,-0.16101300707366223
LSU Tigers,14,12,0.8571428571428571,8,0.5714285714285714,0.620757512095819,0.32413853707929696,-0.296618975016522
Nebraska Cornhuskers,15,15,1.0,8,0.5333333333333333,0.7537651112462891,0.32232432224746016,-0.43144078899882893
Tenn-Martin Skyhawks,11,8,0.7272727272727273,6,0.5454545454545454,0.25727920205086746,0.3158838808529128,0.05860467880204534
Kennesaw St Owls,8,4,0.5,5,0.625,0.18923339258643593,0.31197598671211324,0.12274259412567731
New Mexico Lobos,13,10,0.7692307692307693,7,0.5384615384615384,0.5442010371715623,0.3105142921406189,-0.23368674503094344
Idaho Vandals,10,6,0.6,5,0.5,0.22720389581299508,0.3096955847738761,0.08249168896088102
Fresno St Bulldogs,13,5,0.38461538461538464,8,0.6153846153846154,0.20121483771862467,0.30951439414095105,0.10829955642232639
Long Beach St 49ers,13,3,0.23076923076923078,8,0.6153846153846154,0.06846225972033183,0.30474604685057405,0.23628378713024223
Miami Hurricanes,14,12,0.8571428571428571,8,0.5714285714285714,0.5586500225859155,0.30296350751942996,-0.2556865150664855
Charleston Southern Buccaneers,14,8,0.5714285714285714,8,0.5714285714285714,0.1729070069552341,0.3027230928648273,0.1298160859095932
Florida Atlantic Owls,13,7,0.5384615384615384,9,0.6923076923076923,0.3444957816938961,0.3025478469759357,-0.04194793471796043
South Carolina Upstate Spartans,14,5,0.35714285714285715,8,0.5714285714285714,0.09883488303947194,0.3001053042312794,0.20127042119180746
San Jos√© St Spartans,12,3,0.25,6,0.5,0.11518528340852092,0.3000634393466066,0.1848781559380857
Virginia Tech Hokies,13,12,0.9230769230769231,9,0.6923076923076923,0.6203729855815104,0.29535556491744713,-0.3250174206640633
Colorado St Rams,12,8,0.6666666666666666,8,0.6666666666666666,0.41011355534303867,0.29402752060990733,-0.11608603473313134
DePaul Blue Demons,15,9,0.6,9,0.6,0.2849212026892229,0.29189233039559215,0.006971127706369262
Fordham Rams,11,6,0.5454545454545454,7,0.6363636363636364,0.2912272071554961,0.2902838619965341,-0.0009433451589619946
Nevada Wolf Pack,13,10,0.7692307692307693,6,0.46153846153846156,0.4886171059592182,0.2866787393586122,-0.201938366600606
Lindenwood Lions,11,7,0.6363636363636364,7,0.6363636363636364,0.2208748306896399,0.2863208322728611,0.0654460015832212
New Haven Chargers,10,2,0.2,5,0.5,0.08110780838324899,0.2855754922241545,0.20446768384090552
Arkansas Razorbacks,14,11,0.7857142857142857,10,0.7142857142857143,0.5678670718932227,0.2849233044978461,-0.28294376739537663
BYU Cougars,14,13,0.9285714285714286,8,0.5714285714285714,0.7665628401370213,0.2844289042081584,-0.48213393592886283
Elon Phoenix,12,6,0.5,6,0.5,0.2618606466657464,0.2827495467234843,0.020888900057737914
Gonzaga Bulldogs,17,16,0.9411764705882353,10,0.5882352941176471,0.8152335065481817,0.2814551151889777,-0.533778391359204
Louisville Cardinals,14,11,0.7857142857142857,9,0.6428571428571429,0.598847397086726,0.2797022456064725,-0.31914515148025346
Eastern Michigan Eagles,13,5,0.38461538461538464,9,0.6923076923076923,0.1284522354600949,0.2792533096405276,0.15080107418043268
Le Moyne Dolphins,10,4,0.4,8,0.8,0.1127918572163831,0.2787668560193049,0.1659749988029218
Utah State Aggies,12,11,0.9166666666666666,6,0.5,0.6377221567991991,0.2779278493358242,-0.3597943074633749
CSU Fullerton Titans,13,4,0.3076923076923077,7,0.5384615384615384,0.13365591648602954,0.2729264126704644,0.13927049618443488
North Texas Mean Green,13,8,0.6153846153846154,8,0.6153846153846154,0.27265093203013274,0.2703748786045557,-0.002276053425577018
Abilene Christian Wildcats,12,6,0.5,6,0.5,0.16316114114207791,0.26822005729188586,0.10505891614980795
Belmont Bruins,15,12,0.8,7,0.4666666666666667,0.6011156163078748,0.2674873123102655,-0.3336283039976093
Seattle Redhawks,14,10,0.7142857142857143,6,0.42857142857142855,0.39228428071237303,0.26102857590265044,-0.1312557048097226
Bowling Green Falcons,10,6,0.6,5,0.5,0.3420066177894556,0.25614599381596936,-0.08586062397348626
Wright St Raiders,12,6,0.5,7,0.5833333333333334,0.250071898956262,0.25350989341477764,0.0034379944585156696
Southern Illinois Salukis,13,6,0.46153846153846156,6,0.46153846153846156,0.20475223925248587,0.2503541372794728,0.04560189802698694
Washington Huskies,13,9,0.6923076923076923,7,0.5384615384615384,0.4769103841082846,0.24982089474921593,-0.2270894893590687
Georgia Bulldogs,13,13,1.0,6,0.46153846153846156,0.6853942726167225,0.2489234897853969,-0.43647078283132557
North Florida Ospreys,12,0,0.0,7,0.5833333333333334,0.031236570978932187,0.24790658212479216,0.21667001114586
Oral Roberts Golden Eagles,12,1,0.08333333333333333,7,0.5833333333333334,0.04736190405760197,0.24663947330623595,0.199277569248634
Chicago St Cougars,12,1,0.08333333333333333,5,0.4166666666666667,0.041758356173857716,0.24628018692917383,0.2045218307553161
Portland Pilots,14,5,0.35714285714285715,6,0.42857142857142855,0.15187543235484416,0.2451533015109606,0.09327786915611644
UAB Blazers,12,7,0.5833333333333334,7,0.5833333333333334,0.29489755426833353,0.24476270265218206,-0.05013485161615147
Memphis Tigers,14,7,0.5,9,0.6428571428571429,0.2939707598515941,0.23873788292798717,-0.05523287692360693
N Colorado Bears,11,6,0.5454545454545454,7,0.6363636363636364,0.1977822260629189,0.23658976743807278,0.03880754137515388
Florida A&M Rattlers,9,1,0.1111111111111111,5,0.5555555555555556,0.05887757160614022,0.2340145365245817,0.1751369649184415
Utah Valley Wolverines,13,9,0.6923076923076923,6,0.46153846153846156,0.3736722488082339,0.23395982052198847,-0.13971242828624544
San Diego Toreros,15,5,0.3333333333333333,8,0.5333333333333333,0.10434966712880411,0.23392829361458015,0.12957862648577603
Valparaiso Beacons,14,6,0.42857142857142855,8,0.5714285714285714,0.17782889328455706,0.23294863475005026,0.0551197414654932
North Carolina A&T Aggies,12,5,0.4166666666666667,7,0.5833333333333334,0.10747978396236164,0.23237531953400534,0.12489553557164369
Southern Miss Golden Eagles,13,6,0.46153846153846156,5,0.38461538461538464,0.17468391259119476,0.2303051921438698,0.05562127955267504
Saint Peter's Peacocks,9,4,0.4444444444444444,6,0.6666666666666666,0.14419134975884815,0.22965170386856484,0.0854603541097167
Arizona St Sun Devils,13,9,0.6923076923076923,8,0.6153846153846154,0.3985180167170995,0.22872517990060934,-0.16979283681649018
Loyola Marymount Lions,16,9,0.5625,10,0.625,0.30807091812700454,0.2277351821150513,-0.08033573601195323
Pacific Tigers,14,8,0.5714285714285714,8,0.5714285714285714,0.25756841074189485,0.22707107730840148,-0.030497333433493368
North Dakota St Bison,13,8,0.6153846153846154,7,0.5384615384615384,0.3015277361096344,0.22625105381813826,-0.07527668229149614
Eastern Washington Eagles,12,1,0.08333333333333333,7,0.5833333333333334,0.06629188320632813,0.22605920860962916,0.15976732540330102
Quinnipiac Bobcats,13,8,0.6153846153846154,7,0.5384615384615384,0.3123562508001486,0.22517732311056493,-0.08717892768958369
Alabama Crimson Tide,14,11,0.7857142857142857,7,0.5,0.6133277357483313,0.22463111407600012,-0.3886966216723312
Stanford Cardinal,15,12,0.8,8,0.5333333333333333,0.553030692753234,0.22268321323608392,-0.3303474795171501
North Carolina Tar Heels,15,13,0.8666666666666667,9,0.6,0.6437074816559136,0.22174590982718026,-0.4219615718287334
Delaware Blue Hens,12,5,0.4166666666666667,6,0.5,0.14888752672502556,0.22126807958486144,0.07238055285983588
North Dakota Fighting Hawks,15,5,0.3333333333333333,9,0.6,0.06330120721342683,0.22025242262118494,0.1569512154077581
California Golden Bears,14,12,0.8571428571428571,7,0.5,0.49988909791018366,0.2174725441722733,-0.28241655373791036
Green Bay Phoenix,12,4,0.3333333333333333,6,0.5,0.09696060672242426,0.2165131061064261,0.11955249938400184
Stony Brook Seawolves,13,6,0.46153846153846156,7,0.5384615384615384,0.10789113293864287,0.21634824483291945,0.10845711189427658
Colgate Raiders,12,5,0.4166666666666667,7,0.5833333333333334,0.1454417054808372,0.21622408123928905,0.07078237575845184
SE Missouri St Redhawks,11,5,0.45454545454545453,5,0.45454545454545453,0.14693211461173394,0.21617260367464292,0.06924048906290897
Mercyhurst Lakers,12,3,0.25,7,0.5833333333333334,0.09334508862274854,0.21516244947200333,0.12181736084925479
Richmond Spiders,13,9,0.6923076923076923,7,0.5384615384615384,0.3872445152643583,0.21318226818708957,-0.17406224707726875
CSU Northridge Matadors,14,7,0.5,7,0.5,0.15918775773301141,0.21193430018476733,0.05274654245175592
Marshall Thundering Herd,12,8,0.6666666666666666,4,0.3333333333333333,0.34300855528659946,0.21176460605964986,-0.1312439492269496
Northeastern Huskies,12,4,0.3333333333333333,7,0.5833333333333334,0.11347419432552172,0.21172956858159733,0.09825537425607561
Cal Poly Mustangs,14,4,0.2857142857142857,6,0.42857142857142855,0.07031973107859407,0.2107260739343273,0.14040634285573322
Wake Forest Demon Deacons,15,10,0.6666666666666666,6,0.4,0.3762157856364278,0.20945914699326848,-0.16675663864315934
Montana Grizzlies,10,5,0.5,5,0.5,0.20203562130642327,0.20944712372241867,0.007411502415995391
Auburn Tigers,14,9,0.6428571428571429,9,0.6428571428571429,0.4269168235134559,0.20915568481251562,-0.21776113870094027
Houston Christian Huskies,12,3,0.25,6,0.5,0.07209684638171722,0.20602231779474042,0.1339254714130232
UL Monroe Warhawks,13,1,0.07692307692307693,7,0.5384615384615384,0.019588829323746067,0.20516800658460102,0.18557917726085496
Holy Cross Crusaders,13,4,0.3076923076923077,7,0.5384615384615384,0.06518573839869525,0.2038777631142676,0.13869202471557235
Howard Bison,11,5,0.45454545454545453,7,0.6363636363636364,0.13686157684150965,0.20126395381534354,0.06440237697383389
South Florida Bulls,9,6,0.6,4,0.4444444444444444,0.38231379225176154,0.2009228118834306,-0.18139098036833093
Santa Clara Broncos,16,12,0.75,8,0.5,0.5804792053544244,0.19995341867922214,-0.3805257866752023
UMass Lowell River Hawks,12,3,0.25,6,0.5,0.0761462061606847,0.19609524424740357,0.11994903808671888
TCU Horned Frogs,14,11,0.7857142857142857,8,0.5714285714285714,0.49015367066223614,0.1948443982187024,-0.2953092724435338
Virginia Cavaliers,14,12,0.8571428571428571,8,0.5714285714285714,0.6575752705612007,0.1944356009201465,-0.4631396696410542
Vermont Catamounts,11,5,0.45454545454545453,6,0.5454545454545454,0.21282938696475456,0.19416285990502216,-0.018666527059732402
Longwood Lancers,10,4,0.4,4,0.4,0.1562323060710453,0.19369502460698051,0.03746271853593522
Dartmouth Big Green,12,5,0.4166666666666667,6,0.5,0.12740735310103127,0.19287390558536813,0.06546655248433686
Davidson Wildcats,13,8,0.6153846153846154,6,0.46153846153846156,0.3162826638682362,0.1927149532251413,-0.12356771064309494
Princeton Tigers,15,4,0.26666666666666666,9,0.6,0.10132298074443695,0.1921050450373296,0.09078206429289266
Michigan St Spartans,15,13,0.8666666666666667,8,0.5333333333333333,0.8091732866468939,0.19114020209661897,-0.618033084550275
SE Louisiana Lions,13,4,0.3076923076923077,6,0.46153846153846156,0.08527626028249158,0.1903202823146651,0.10504402203217353
Robert Morris Colonials,13,8,0.6153846153846154,7,0.5384615384615384,0.17707851063900273,0.18985291204684865,0.012774401407845914
Campbell Fighting Camels,14,6,0.42857142857142855,7,0.5,0.14200727412850184,0.18935238436546664,0.047345110236964805
Northwestern St Demons,12,2,0.16666666666666666,6,0.5,0.062239739238337935,0.18509380367390724,0.1228540644355693
New Hampshire Wildcats,10,2,0.2,5,0.5,0.05883106689096569,0.18311245016483407,0.12428138327386838
Tennessee Tech Golden Eagles,12,3,0.25,6,0.5,0.08924867664566008,0.18210859973130514,0.09285992308564506
Hawai'i Rainbow Warriors,12,9,0.75,5,0.4166666666666667,0.39671326136747076,0.18188535767033642,-0.21482790369713434
Texas A&M Aggies,14,11,0.7857142857142857,7,0.5,0.3917678367663133,0.18133161840512932,-0.210436218361184
Miss Valley St Delta Devils,14,0,0.0,6,0.42857142857142855,0.029296270579917717,0.18052413958545557,0.15122786900553786
New Mexico St Aggies,9,4,0.4444444444444444,4,0.4444444444444444,0.23326202080722386,0.1804967121246519,-0.052765308682571954
Coastal Carolina Chanticleers,15,7,0.4666666666666667,7,0.4666666666666667,0.09752086328878562,0.17960320389944315,0.08208234061065753
Stonehill Skyhawks,11,2,0.18181818181818182,6,0.5454545454545454,0.05076290562573243,0.17885687761823985,0.1280939719925074
Harvard Crimson,11,4,0.36363636363636365,5,0.45454545454545453,0.12172147679514773,0.17573590773431141,0.05401443093916368
Northern Illinois Huskies,12,3,0.25,6,0.5,0.07486389796087463,0.17468821111713626,0.09982431315626163
CSU Bakersfield Roadrunners,13,4,0.3076923076923077,6,0.46153846153846156,0.05518240234763067,0.17457972535738353,0.11939732300975286
West Virginia Mountaineers,13,9,0.6923076923076923,7,0.5384615384615384,0.39716011402051504,0.17446818115261403,-0.222691932867901
Detroit Mercy Titans,12,4,0.3333333333333333,8,0.6666666666666666,0.07155816509058477,0.17405714115090418,0.10249897606031941
Massachusetts Minutemen,10,6,0.6,6,0.6,0.3053695434132836,0.1740060361170609,-0.1313635072962227
Kentucky Wildcats,14,9,0.6428571428571429,6,0.42857142857142855,0.4173330643028224,0.17345522814774733,-0.24387783615507508
NJIT Highlanders,11,4,0.36363636363636365,6,0.5454545454545454,0.07151419116538113,0.17310695559900213,0.101592764433621
Western Illinois Leathernecks,12,1,0.08333333333333333,6,0.5,0.024906354190435326,0.17233519721434418,0.14742884302390885
St. Thomas (MN) Tommies,12,8,0.6666666666666666,4,0.3333333333333333,0.3057436120904747,0.17220669336995778,-0.1335369187205169
Clemson Tigers,14,11,0.7857142857142857,7,0.5,0.4686003375512658,0.17203867792432143,-0.29656165962694436
Georgia Tech Yellow Jackets,13,9,0.6923076923076923,7,0.5384615384615384,0.3471846763875966,0.17145376703228202,-0.17573090935531457
South Dakota Coyotes,11,3,0.2727272727272727,5,0.45454545454545453,0.11189856149113526,0.1713036487047009,0.05940508721356565
Kansas St Wildcats,14,9,0.6428571428571429,6,0.42857142857142855,0.3570711182578134,0.17075831584819515,-0.18631280240961826
Western Kentucky Hilltoppers,11,6,0.5454545454545454,6,0.5454545454545454,0.24314497016101763,0.17039109723147847,-0.07275387292953917
Georgia Southern Eagles,13,8,0.6153846153846154,9,0.6923076923076923,0.16216283605616502,0.16971669597139993,0.007553859915234912
UC Irvine Anteaters,14,9,0.6428571428571429,6,0.42857142857142855,0.3157579496278559,0.1688953278938398,-0.14686262173401612
Missouri St Bears,11,5,0.45454545454545453,5,0.45454545454545453,0.14567274504243347,0.1676532402111332,0.021980495168699737
Duquesne Dukes,12,7,0.5833333333333334,5,0.4166666666666667,0.27629448795503714,0.16595913226367617,-0.11033535569136096
Texas Tech Red Raiders,14,11,0.7857142857142857,6,0.42857142857142855,0.6333564712393498,0.16564522221941333,-0.46771124901993644
Delaware St Hornets,9,2,0.2222222222222222,5,0.5555555555555556,0.053745694225378116,0.16541529069644131,0.1116695964710632
Fairleigh Dickinson Knights,8,1,0.125,3,0.375,0.06493728743277453,0.16507302047248337,0.10013573303970884
Troy Trojans,13,8,0.6153846153846154,8,0.6153846153846154,0.2849523301116032,0.16422021049501154,-0.12073211961659167
North Carolina Central Eagles,10,1,0.1,6,0.6,0.0406891488127863,0.1638360593983959,0.12314691058560961
Sacramento St Hornets,10,0,0.0,4,0.4,0.042256386598846486,0.1634130180408241,0.12115663144197761
Lipscomb Bisons,10,5,0.5,6,0.6,0.2093820091568897,0.16286313702586405,-0.04651887213102565
Cal Baptist Lancers,16,10,0.625,7,0.4375,0.2764247129522805,0.1628302530914884,-0.11359445986079209
American Eagles,9,4,0.4444444444444444,5,0.5555555555555556,0.12571379362287496,0.16240839927304107,0.03669460565016611
Western Michigan Broncos,10,4,0.4,6,0.6,0.1249743066234545,0.1621457813171415,0.03717147469368699
New Orleans Privateers,15,5,0.3333333333333333,6,0.4,0.115360116713725,0.1614488426092162,0.04608872589549119
Pepperdine Waves,15,3,0.2,7,0.4666666666666667,0.08629568672105149,0.1542189363582194,0.0679232496371679
Austin Peay Governors,9,4,0.4444444444444444,4,0.4444444444444444,0.1510075714169351,0.15295307741042005,0.0019455059934849472
Siena Saints,13,8,0.6153846153846154,8,0.6153846153846154,0.2577939753536833,0.1517229183213617,-0.10607105703232161
Georgia St Panthers,13,3,0.23076923076923078,6,0.46153846153846156,0.060129357806261545,0.15162322794062863,0.09149387013436708
Alabama St Hornets,13,3,0.23076923076923078,6,0.46153846153846156,0.06177614581625234,0.1510230155233483,0.08924686970709594
Navy Midshipmen,10,6,0.6,6,0.6,0.21094286548739255,0.14913006097786388,-0.06181280450952867
NC State Wolfpack,14,9,0.6428571428571429,7,0.5,0.49423525177150035,0.14827875074532457,-0.3459565010261758
Queens University Royals,13,5,0.38461538461538464,5,0.38461538461538464,0.12363676903067203,0.1451305935018366,0.021493824471164574
Northern Arizona Lumberjacks,12,3,0.25,7,0.5833333333333334,0.06986347506858184,0.1448261048585846,0.07496262979000276
Yale Bulldogs,12,10,0.8333333333333334,6,0.5,0.45321422134153994,0.14161714477348872,-0.31159707656805125
Baylor Bears,12,9,0.75,6,0.5,0.4469176058768195,0.14091784590412193,-0.30599975997269757
Washington St Cougars,16,7,0.4375,7,0.4375,0.20051869360824445,0.1401583624577321,-0.06036033115051234
Charleston Cougars,14,8,0.5714285714285714,8,0.5714285714285714,0.2233867330023363,0.14000224660403887,-0.08338448639829743
Florida St Seminoles,15,7,0.4666666666666667,7,0.4666666666666667,0.2309151022835969,0.1397542721740542,-0.0911608301095427
Alabama A&M Bulldogs,11,4,0.36363636363636365,6,0.5454545454545454,0.10410172417158958,0.1394265556794561,0.03532483150786653
Indiana Hoosiers,14,11,0.7857142857142857,7,0.5,0.5985490525722543,0.13917384631215182,-0.45937520626010253
South Dakota St Jackrabbits,14,5,0.35714285714285715,7,0.5,0.15172085393433687,0.13832100349014045,-0.01339985044419642
Bethune-Cookman Wildcats,12,3,0.25,5,0.4166666666666667,0.08127820213373547,0.13831876121351822,0.05704055907978274
Oklahoma St Cowboys,13,11,0.8461538461538461,6,0.46153846153846156,0.49336041388487517,0.1378134903386493,-0.35554692354622586
George Mason Patriots,13,12,0.9230769230769231,7,0.5384615384615384,0.5639391623376687,0.1375567554925985,-0.4263824068450702
UC Riverside Highlanders,12,3,0.25,6,0.5,0.08366932273335356,0.1369169254220671,0.053247602688713536
Brown Bears,10,3,0.3,5,0.5,0.11127230305026217,0.13623170281880007,0.024959399768537893
Colorado Buffaloes,13,10,0.7692307692307693,6,0.46153846153846156,0.495908369128625,0.13512360590818198,-0.36078476322044306
Oklahoma Sooners,13,10,0.7692307692307693,5,0.38461538461538464,0.4394340130911204,0.1343709986520889,-0.3050630144390315
UMKC Kangaroos,13,1,0.07692307692307693,5,0.38461538461538464,0.029433914586063942,0.13421078913726384,0.1047768745511999
Syracuse Orange,12,8,0.6666666666666666,5,0.4166666666666667,0.37877017157705334,0.13324511981091886,-0.24552505176613448
Appalachian St Mountaineers,13,6,0.46153846153846156,8,0.6153846153846154,0.12363855464585258,0.13323054251527286,0.009591987869420282
Temple Owls,14,9,0.6428571428571429,6,0.42857142857142855,0.2683320809378795,0.1320434471712593,-0.13628863376662023
UMBC Retrievers,8,4,0.4444444444444444,3,0.375,0.13325308259812502,0.13149345208458796,-0.0017596305135370582
Lamar Cardinals,11,4,0.36363636363636365,5,0.45454545454545453,0.11334923173833161,0.1304680054266017,0.017118773688270084
Pittsburgh Panthers,15,7,0.4666666666666667,7,0.4666666666666667,0.27656660383499393,0.12982267913739312,-0.1467439246976008
VCU Rams,12,9,0.75,6,0.5,0.5098835427970315,0.12975557677897384,-0.38012796601805765
Hampton Pirates,14,6,0.42857142857142855,8,0.5714285714285714,0.12893244787536015,0.12877505677203918,-0.00015739110332096962
Wofford Terriers,12,7,0.5833333333333334,6,0.5,0.1511979870019475,0.12826505210316555,-0.022932934898781954
Evansville Purple Aces,14,2,0.14285714285714285,6,0.42857142857142855,0.07332538694599221,0.12673985603591403,0.053414469089921826
Milwaukee Panthers,15,6,0.4,6,0.4,0.1304830753854641,0.1266440463373465,-0.003839029048117615
South Carolina Gamecocks,14,9,0.6428571428571429,6,0.42857142857142855,0.3937702548272614,0.1264494201091186,-0.26732083471814283
Illinois Fighting Illini,13,10,0.7692307692307693,7,0.5384615384615384,0.6056106841964963,0.1258808601304346,-0.47972982406606174
UConn Huskies,15,14,0.9333333333333333,6,0.4,0.7830220184902518,0.1255464645398765,-0.6574755539503753
Norfolk St Spartans,12,3,0.25,5,0.4166666666666667,0.05940015887014187,0.12549637779576822,0.06609621892562635
Toledo Rockets,12,6,0.5,4,0.3333333333333333,0.24920469241255697,0.12491678503754405,-0.12428790737501291
San Francisco Dons,15,10,0.6666666666666666,8,0.5333333333333333,0.38132813596076365,0.12405638375839642,-0.2572717522023672
St. Bonaventure Bonnies,12,9,0.75,5,0.4166666666666667,0.41641924231969063,0.12248823805928333,-0.2939310042604073
Radford Highlanders,11,5,0.45454545454545453,5,0.45454545454545453,0.135669631636461,0.12171695281489635,-0.01395267882156466
Monmouth Hawks,11,4,0.36363636363636365,6,0.5454545454545454,0.14069921041741668,0.12163908583328797,-0.0190601245841287
Louisiana Tech Bulldogs,10,4,0.4,4,0.4,0.12885080972096302,0.12068112585936268,-0.008169683861600344
Ohio Bobcats,13,6,0.46153846153846156,6,0.46153846153846156,0.17754839098295194,0.1195934234574562,-0.05795496752549574
Southern Indiana Screaming Eagles,11,2,0.18181818181818182,4,0.36363636363636365,0.05286317577003052,0.11739953049692167,0.06453635472689115
Lafayette Leopards,11,2,0.18181818181818182,6,0.5454545454545454,0.05738303349065815,0.11733965537947977,0.059956621888821615
Oregon St Beavers,16,8,0.5,6,0.375,0.17277911497527287,0.11542577401467392,-0.05735334096059895
Mississippi St Bulldogs,13,8,0.6153846153846154,5,0.38461538461538464,0.3194161100840171,0.11507249345946186,-0.20434361662455525
James Madison Dukes,13,6,0.46153846153846156,4,0.3076923076923077,0.13234755378157878,0.11469727730608835,-0.01765027647549043
Morehead St Eagles,12,4,0.3333333333333333,5,0.4166666666666667,0.07806199343753492,0.11433087427974259,0.03626888084220767
Central Connecticut St Blue Devils,10,5,0.5,6,0.6,0.12802259362886462,0.11211456553956993,-0.015908028089294687
Bradley Braves,14,8,0.5714285714285714,4,0.2857142857142857,0.2520170521594568,0.11201078496658794,-0.14000626719286885
UNLV Rebels,12,6,0.5,6,0.5,0.2452418586248931,0.11175485440608918,-0.1334870042188039
Providence Friars,13,8,0.6153846153846154,7,0.5384615384615384,0.40886855483096624,0.10967754928544711,-0.29919100554551914
Florida Gulf Coast Eagles,12,4,0.3333333333333333,3,0.25,0.18642260231349547,0.10944090223395192,-0.07698170007954355
High Point Panthers,12,8,0.6666666666666666,5,0.4166666666666667,0.3493369926624748,0.1090841136958656,-0.2402528789666092
Wisconsin Badgers,14,9,0.6428571428571429,6,0.42857142857142855,0.41853708396513695,0.1076984847969907,-0.31083859916814627
UIC Flames,11,1,0.09090909090909091,4,0.36363636363636365,0.08529848228774112,0.10750052894704124,0.022202046659300118
Southern Jaguars,11,1,0.09090909090909091,5,0.45454545454545453,0.04719801715400457,0.10734191893372012,0.060143901779715556
Tennessee Volunteers,14,10,0.7142857142857143,5,0.35714285714285715,0.5228381725740969,0.10693655915733931,-0.41590161341675763
East Texas A&M Lions,12,2,0.16666666666666666,5,0.4166666666666667,0.044041850540653654,0.10636156959324078,0.062319719052587125
La Salle Explorers,12,3,0.25,5,0.4166666666666667,0.10362556615888022,0.10632358083997905,0.0026980146810988287
San Diego St Aztecs,12,8,0.6666666666666666,5,0.4166666666666667,0.42350525745406975,0.1052443025108137,-0.31826095494325607
Bryant Bulldogs,12,3,0.25,6,0.5,0.0642335685395159,0.10460366934272193,0.040370100803206035
Dayton Flyers,13,9,0.6923076923076923,6,0.46153846153846156,0.41121596009558836,0.10418620003172563,-0.30702976006386273
Old Dominion Monarchs,14,3,0.21428571428571427,5,0.35714285714285715,0.07602997267218964,0.10374925128131289,0.027719278609123252
Merrimack Warriors,13,7,0.5384615384615384,7,0.5384615384615384,0.14152061671593635,0.10362744947718679,-0.03789316723874957
Cleveland St Vikings,11,1,0.09090909090909091,5,0.45454545454545453,0.041127376396181525,0.10146061876941455,0.06033324237323302
Minnesota Golden Gophers,14,9,0.6428571428571429,6,0.42857142857142855,0.2947579461753363,0.10115445750945945,-0.19360348866587684
Canisius Golden Griffins,13,5,0.38461538461538464,6,0.46153846153846156,0.0742005794868562,0.09989794431523444,0.02569736482837824
Drake Bulldogs,12,5,0.4166666666666667,4,0.3333333333333333,0.1811803973676443,0.09977213155898507,-0.08140826580865923
Texas State Bobcats,13,7,0.5384615384615384,5,0.38461538461538464,0.13103545782905465,0.09501288747602471,-0.03602257035302994
Rhode Island Rams,14,8,0.5714285714285714,5,0.35714285714285715,0.29521962730219975,0.0949344310472628,-0.20028519625493696
Omaha Mavericks,12,3,0.25,4,0.3333333333333333,0.060111090332578505,0.09400305573659286,0.03389196540401435
Northwestern Wildcats,14,8,0.5714285714285714,5,0.35714285714285715,0.36086794998621047,0.09396714678577898,-0.26690080320043147
Eastern Kentucky Colonels,12,3,0.25,5,0.4166666666666667,0.10192286358268383,0.09389524295358512,-0.008027620629098717
Manhattan Jaspers,14,6,0.42857142857142855,6,0.42857142857142855,0.08770136989969625,0.09363600852682112,0.005934638627124872
Xavier Musketeers,14,8,0.5714285714285714,5,0.35714285714285715,0.2522914979052969,0.09210086009064403,-0.1601906378146529
UCLA Bruins,14,10,0.7142857142857143,6,0.42857142857142855,0.447960611250206,0.09193019185088977,-0.35603041939931623
Cornell Big Red,11,4,0.36363636363636365,3,0.2727272727272727,0.14815749946352025,0.09113424288237001,-0.05702325658115023
UNC Asheville Bulldogs,12,3,0.25,5,0.4166666666666667,0.09713509630853613,0.0905341395797833,-0.006600956728752827
Tulane Green Wave,14,10,0.7142857142857143,6,0.42857142857142855,0.19959882702763437,0.08974644806641896,-0.10985237896121541
Missouri Tigers,14,11,0.7857142857142857,6,0.42857142857142855,0.4141379381065455,0.08970008746297559,-0.3244378506435699
Utah Utes,14,8,0.5714285714285714,5,0.35714285714285715,0.23644664113456698,0.08928606047177044,-0.14716058066279653
Texas Longhorns,12,7,0.5833333333333334,6,0.5,0.31241468476913664,0.08912820395489615,-0.2232864808142405
Towson Tigers,12,5,0.4166666666666667,5,0.4166666666666667,0.1698318925525158,0.08775920540880741,-0.08207268714370838
St. John's Red Storm,14,9,0.6428571428571429,6,0.42857142857142855,0.5594549801685267,0.08748520896937569,-0.471969771199151
Drexel Dragons,13,4,0.3076923076923077,6,0.46153846153846156,0.11414370088195754,0.08706920607008647,-0.02707449481187106
UNC Greensboro Spartans,10,4,0.4,5,0.5,0.10541330840550096,0.08693283505039226,-0.018480473355108704
Cincinnati Bearcats,14,8,0.5714285714285714,5,0.35714285714285715,0.3804009783288372,0.08645156153334549,-0.2939494167954917
Presbyterian Blue Hose,12,5,0.4166666666666667,6,0.5,0.08763345516208572,0.0855203624748706,-0.002113092687215115
Duke Blue Devils,14,13,0.9285714285714286,7,0.5,0.7300309820243608,0.08533988570633595,-0.6446910963180248
Fairfield Stags,11,4,0.36363636363636365,4,0.36363636363636365,0.12733730433643126,0.08420878340682021,-0.043128520929611044
Grand Canyon Antelopes,13,8,0.6153846153846154,5,0.38461538461538464,0.3307357122803842,0.08413823546794524,-0.24659747681243893
Mt. St. Mary's Mountaineers,13,3,0.23076923076923078,7,0.5384615384615384,0.0636290700977277,0.08391564905312031,0.020286578955392612
Kent State Golden Flashes,10,7,0.7,5,0.5,0.32463279302898634,0.08345454402865937,-0.24117824900032697
Creighton Bluejays,15,9,0.6,7,0.4666666666666667,0.38954781107668707,0.0832628777628973,-0.30628493331378975
Furman Paladins,11,7,0.6363636363636364,4,0.36363636363636365,0.2571987218263674,0.07856548759276372,-0.17863323423360367
UTEP Miners,10,1,0.1,3,0.3,0.07166734144079723,0.07739178549211131,0.005724444051314087
East Tennessee St Buccaneers,10,5,0.5,4,0.4,0.2666476841203637,0.0767236552643096,-0.1899240288560541
Bucknell Bison,13,4,0.3076923076923077,6,0.46153846153846156,0.09242605994323842,0.07641245912208651,-0.016013600821151913
Samford Bulldogs,12,5,0.4166666666666667,5,0.4166666666666667,0.11324828440309849,0.0763315048502375,-0.03691677955286099
Stetson Hatters,11,3,0.2727272727272727,5,0.45454545454545453,0.06450635795827953,0.07541682075817517,0.010910462799895645
Fort Wayne Mastodons,14,6,0.42857142857142855,5,0.35714285714285715,0.08079755875413505,0.07534025966198256,-0.005457299092152493
Air Force Falcons,12,3,0.25,6,0.5,0.06672330436056297,0.0749257799686926,0.00820247560812963
Western Carolina Catamounts,10,3,0.3,3,0.3,0.0876149933247118,0.07297319693992438,-0.014641796384787423
Winthrop Eagles,12,4,0.3333333333333333,5,0.4166666666666667,0.13489958534923896,0.07200690105344934,-0.06289268429578962
North Alabama Lions,9,3,0.3333333333333333,4,0.4444444444444444,0.08182802524973044,0.07019475930962966,-0.011633265940100779
South Carolina St Bulldogs,13,1,0.07692307692307693,5,0.38461538461538464,0.02263603387642562,0.06970317889905654,0.04706714502263092
Ohio State Buckeyes,14,10,0.7142857142857143,5,0.35714285714285715,0.4819925377057023,0.06957792569424792,-0.41241461201145435
Loyola (Chi) Ramblers,14,5,0.35714285714285715,4,0.2857142857142857,0.07194935509322777,0.06941493531726453,-0.002534419775963234
Boston Univ. Terriers,11,3,0.2727272727272727,5,0.45454545454545453,0.08971479578796482,0.06908624246439601,-0.020628553323568805
Rice Owls,12,3,0.25,5,0.4166666666666667,0.05782778662543289,0.06805155863385771,0.010223772008424822
Jacksonville Dolphins,11,2,0.18181818181818182,4,0.36363636363636365,0.04725132892130784,0.06556255045162447,0.018311221530316633
Jacksonville St Gamecocks,10,4,0.4,3,0.3,0.18035963267525662,0.06514002256483309,-0.11521961011042353
Albany Great Danes,13,1,0.07692307692307693,4,0.3076923076923077,0.04475543311764235,0.06454265796061506,0.01978722484297271
St. Francis (PA) Red Flash,13,1,0.07692307692307693,5,0.38461538461538464,0.023708665727355107,0.0631754329057042,0.039466767178349085
USC Trojans,13,10,0.7692307692307693,5,0.38461538461538464,0.4170924993501631,0.0630403936020361,-0.354052105748127
Lehigh Mountain Hawks,12,1,0.08333333333333333,4,0.3333333333333333,0.04072524165802963,0.0629549116321433,0.022229669974113665
Gardner-Webb Bulldogs,12,0,0.0,5,0.4166666666666667,0.026244648124407948,0.0623906216310587,0.03614597350665075
IUPUI Jaguars,15,2,0.13333333333333333,6,0.4,0.028754144062567665,0.062240166317187956,0.03348602225462029
Houston Cougars,13,12,0.9230769230769231,7,0.5384615384615384,0.618963881191826,0.06202861153499096,-0.556935269656835
Penn State Nittany Lions,13,8,0.6153846153846154,4,0.3076923076923077,0.2703436358536497,0.06072668963396223,-0.20961694621968746
UC Santa Barbara Gauchos,12,6,0.5,3,0.25,0.19385028286850545,0.060031306149415486,-0.13381897671908996
Arkansas-Little Rock Trojans,13,3,0.23076923076923078,4,0.3076923076923077,0.056207218030353466,0.05913486837320025,0.0029276503428467826
Alcorn St Braves,10,0,0.0,4,0.4,0.035777713163099585,0.05909198204640224,0.023314268883302652
Youngstown St Penguins,12,5,0.4166666666666667,4,0.3333333333333333,0.13517476265949638,0.0587091819139522,-0.07646558074554419
Sacred Heart Pioneers,14,4,0.2857142857142857,6,0.42857142857142855,0.10990598987591244,0.05755019744172539,-0.052355792434187046
Central Michigan Chippewas,12,2,0.16666666666666666,5,0.4166666666666667,0.06287440609184457,0.05656650317722835,-0.00630790291461622
Northern Kentucky Norse,13,7,0.5384615384615384,5,0.38461538461538464,0.18438448299981794,0.05382436276758537,-0.13056012023223257
South Alabama Jaguars,14,9,0.6428571428571429,6,0.42857142857142855,0.19474169771796643,0.05291952329543827,-0.14182217442252815
Boston College Eagles,14,7,0.5,3,0.21428571428571427,0.25400461813506553,0.05106836033808049,-0.20293625779698504
UTSA Roadrunners,12,2,0.16666666666666666,3,0.25,0.05535284471293037,0.05093500492023328,-0.004417839792697095
SIU-Edwardsville Cougars,11,5,0.45454545454545453,4,0.36363636363636365,0.10053171712225832,0.04951230188320511,-0.05101941523905321
Oregon Ducks,15,8,0.5333333333333333,4,0.26666666666666666,0.31531191675227044,0.047166493735534346,-0.2681454230167361
Louisiana Ragin' Cajuns,16,3,0.1875,7,0.4375,0.04716409582502601,0.04659427099680664,-0.0005698248282193716
Morgan St Bears,12,1,0.08333333333333333,5,0.4166666666666667,0.029544051975284587,0.04428235502214748,0.014738303046862893
Rutgers Scarlet Knights,15,8,0.5333333333333333,5,0.3333333333333333,0.19769173205332663,0.04406090682409638,-0.15363082522923024
Maine Black Bears,10,1,0.1,3,0.3,0.03658653161683057,0.03990017822271633,0.0033136466058857617
Binghamton Bearcats,9,1,0.1111111111111111,3,0.3333333333333333,0.034696112314064526,0.039579129842079834,0.0048830175280153085
Ball State Cardinals,10,1,0.1,3,0.3,0.052255826946580534,0.03841823963637001,-0.013837587310210522
VMI Keydets,10,3,0.3,5,0.5,0.05411829801698339,0.036547797840474995,-0.017570500176508394
The Citadel Bulldogs,12,0,0.0,4,0.3333333333333333,0.024836118427691012,0.034521083186666336,0.009684964758975324
Coppin St Eagles,16,2,0.125,6,0.375,0.0,0.034413021808568554,0.034413021808568554
Ole Miss Rebels,14,8,0.5714285714285714,3,0.21428571428571427,0.2928896811013905,0.033765821847882106,-0.2591238592535084
UNC Wilmington Seahawks,12,10,0.8333333333333334,3,0.25,0.41109456067134126,0.03173393846995373,-0.37936062220138755
Florida Gators,13,8,0.6153846153846154,4,0.3076923076923077,0.5110057680448705,0.030598873300808967,-0.48040689474406156
Marquette Golden Eagles,14,4,0.2857142857142857,4,0.2857142857142857,0.1305425074316101,0.029865643687536032,-0.10067686374407409
Niagara Purple Eagles,11,2,0.18181818181818182,3,0.2727272727272727,0.0471244730257716,0.02597369144819959,-0.02115078157757201
Southern Utah Thunderbirds,11,0,0.0,3,0.2727272727272727,0.03008362866451432,0.023284370321531366,-0.0067992583429829535
Rider Broncs,12,0,0.0,4,0.3333333333333333,0.03251382157449066,0.02163534369164205,-0.010878477882848611
Saint Joseph's Hawks,12,5,0.4166666666666667,2,0.16666666666666666,0.1259562507311793,0.01748615665858102,-0.10847009407259828
Jackson St Tigers,14,2,0.14285714285714285,4,0.2857142857142857,0.034193032412419846,0.014564892914201625,-0.01962813949821822
Maryland Terrapins,14,7,0.5,6,0.42857142857142855,0.20363024868595256,0.014030294320776458,-0.1895999543651761
Chattanooga Mocs,10,2,0.2,3,0.3,0.06042913695194261,0.01286074531253568,-0.04756839163940693
Loyola (MD) Greyhounds,11,1,0.09090909090909091,3,0.2727272727272727,0.032225525505181304,0.01163499380394257,-0.020590531701238736
Georgetown Hoyas,13,8,0.6153846153846154,3,0.23076923076923078,0.2771999156799084,0.006353610053465442,-0.27084630562644296
East Carolina Pirates,13,4,0.3076923076923077,3,0.23076923076923078,0.1009040535251899,0.00373727132501158,-0.09716678220017833
Texas Southern Tigers,11,0,0.0,1,0.09090909090909091,0.030668084489944104,0.0,-0.030668084489944104
