team,games,original_cover_pct,handicap_cover_pct,original_rating,handicap_rating,handicap_delta
Tarleton State Texans,12,0.9166666666666666,0.9166666666666666,0.9050212951400325,1.0,0.09497870485996751
Portland St Vikings,10,0.9,0.9,0.5821794390259853,0.9152061825110173,0.3330267434850319
Stephen F. Austin Lumberjacks,13,0.8461538461538461,1.0,0.9551851224174165,0.9055023254516104,-0.04968279696580613
Mercer Bears,9,0.8888888888888888,1.0,0.8411124241011486,0.7814142765509031,-0.059698147550245495
Prairie View Panthers,10,0.8,0.9,0.7970390183111303,0.7604173643252923,-0.036621653985838054
William & Mary Tribe,12,0.8333333333333334,1.0,0.8953618463367284,0.7542784964045437,-0.14108334993218474
Hofstra Pride,11,0.8181818181818182,1.0,0.6858181387060398,0.7507647092540674,0.06494657054802755
Idaho State Bengals,12,0.75,0.9166666666666666,0.6368742223093949,0.7359524758721006,0.09907825356270561
Sam Houston St Bearkats,11,0.8181818181818182,1.0,0.8405633377200943,0.7327013221603526,-0.10786201555974173
Denver Pioneers,14,0.7142857142857143,0.8571428571428571,0.6655825654292585,0.678989939955318,0.013407374526059446
Miami (OH) RedHawks,10,0.8,1.0,0.6719594671302171,0.6763121809469923,0.0043527138167751556
Florida Int'l Golden Panthers,10,0.8,1.0,0.5504978244291822,0.6714197555239625,0.12092193109478033
Iowa Hawkeyes,14,0.7857142857142857,0.8571428571428571,0.5951096364402527,0.6713533754058412,0.07624373896558845
Boise State Broncos,11,0.7272727272727273,0.8181818181818182,0.5373405964854505,0.6529682794151183,0.11562768292966774
Tennessee St Tigers,10,0.8,0.9,0.5537528471884552,0.6525121530275669,0.09875930583911174
West Georgia Wolves,11,0.7272727272727273,0.9090909090909091,0.5926580465708926,0.6344269551367188,0.04176890856582616
Villanova Wildcats,14,0.7142857142857143,0.9285714285714286,0.745826271001834,0.6173872880113251,-0.12843898299050882
Grambling St Tigers,12,0.75,1.0,0.66684501982484,0.6103965576100815,-0.05644846221475852
UC San Diego Tritons,11,0.7272727272727273,0.9090909090909091,0.6401360964426898,0.6101683090985329,-0.029967787344156838
Le Moyne Dolphins,10,0.8,0.8,0.5030179814184185,0.6008629195573217,0.09784493813890327
Montana St Bobcats,12,0.6666666666666666,1.0,0.5759062692352399,0.5977551997470923,0.021848930511852438
Eastern Michigan Eagles,13,0.6923076923076923,0.8461538461538461,0.4654643269463652,0.5928821669509865,0.1274178400046213
Buffalo Bulls,12,0.75,1.0,0.8665767297538596,0.5920288486609914,-0.2745478810928682
Bellarmine Knights,11,0.7272727272727273,0.8181818181818182,0.5128868916644935,0.5851423312350523,0.0722554395705588
Army Knights,9,0.7777777777777778,0.8888888888888888,0.5782698902730866,0.581189245484397,0.0029193552113103705
Michigan Wolverines,13,0.6923076923076923,0.9230769230769231,1.0,0.5775716489513499,-0.42242835104865006
Akron Zips,12,0.6666666666666666,0.9166666666666666,0.6596718586940841,0.5680310674653308,-0.09164079122875324
Northern Iowa Panthers,13,0.6923076923076923,1.0,0.6410943894054421,0.5671717284229875,-0.07392266098245459
Arkansas Razorbacks,14,0.7142857142857143,0.8571428571428571,0.4901317103567265,0.5626487594944652,0.07251704913773876
Wichita St Shockers,14,0.6428571428571429,1.0,0.6469506651873577,0.5601495717979228,-0.08680109338943487
LIU Sharks,13,0.6923076923076923,0.9230769230769231,0.766057825085405,0.5547225586934268,-0.2113352663919782
Arkansas St Red Wolves,13,0.6923076923076923,0.7692307692307693,0.48148618402178267,0.54872699476206,0.06724081074027732
Tulsa Golden Hurricane,12,0.6666666666666666,0.9166666666666666,0.7258385378563432,0.5467694254533102,-0.17906911240303303
Pennsylvania Quakers,10,0.7,1.0,0.575333223803564,0.5455677465542237,-0.02976547724934031
Virginia Tech Hokies,13,0.6923076923076923,0.9230769230769231,0.4823589456959711,0.5450154272878179,0.06265648159184684
Colorado St Rams,12,0.6666666666666666,0.75,0.4352186387000072,0.543981594614558,0.10876295591455076
Maryland-Eastern Shore Hawks,15,0.6666666666666666,0.9333333333333333,0.5908948203768397,0.533154436894997,-0.05774038348184274
UT-Arlington Mavericks,13,0.6153846153846154,0.9230769230769231,0.6170569014564317,0.5327460461281385,-0.08431085532829319
Illinois St Redbirds,13,0.6923076923076923,1.0,0.8473104683778847,0.5320150758022583,-0.31529539257562644
Fresno St Bulldogs,13,0.6153846153846154,0.9230769230769231,0.4453246214492508,0.526949242196051,0.08162462074680021
Notre Dame Fighting Irish,14,0.6428571428571429,0.8571428571428571,0.5577967723489732,0.523494175197391,-0.034302597151582126
Florida Atlantic Owls,13,0.6923076923076923,0.9230769230769231,0.4860427334896924,0.5145945865219375,0.028551853032245056
Long Beach St 49ers,13,0.6153846153846154,0.8461538461538461,0.43728972836174745,0.5055749027795213,0.06828517441777388
Wagner Seahawks,9,0.6666666666666666,0.8888888888888888,0.6493458211175747,0.5050400187319599,-0.14430580238561475
North Texas Mean Green,13,0.6153846153846154,0.8461538461538461,0.3840643845564281,0.5025999892816976,0.11853560472526947
Incarnate Word Cardinals,11,0.6363636363636364,0.8181818181818182,0.6178399440686378,0.5022000609651127,-0.11563988310352513
Loyola Marymount Lions,16,0.625,0.875,0.3832572070183465,0.4996140270538206,0.1163568200354741
Indiana St Sycamores,13,0.6923076923076923,0.9230769230769231,0.5551120402014679,0.4952969873129757,-0.05981505288849215
Louisville Cardinals,14,0.6428571428571429,0.7857142857142857,0.46690462148118533,0.49330801655963447,0.026403395078449132
N Colorado Bears,11,0.6363636363636364,0.8181818181818182,0.373583975076841,0.4919237121191357,0.11833973704229472
Arizona Wildcats,14,0.6428571428571429,1.0,0.6441563755265416,0.48764396553990796,-0.15651240998663363
Kansas Jayhawks,14,0.6428571428571429,1.0,0.6848466706826373,0.4875017823542013,-0.197344888328436
Purdue Boilermakers,14,0.6428571428571429,0.8571428571428571,0.6246129893699522,0.48699263238540186,-0.13762035698455038
Iona Gaels,15,0.6,0.8666666666666667,0.5309025611317517,0.4868608297286166,-0.04404173140313511
Memphis Tigers,14,0.6428571428571429,0.9285714285714286,0.3922861164179588,0.4799886136941828,0.08770249727622398
Fordham Rams,11,0.6363636363636364,0.8181818181818182,0.46496403281683474,0.47955944325896765,0.014595410442132917
Detroit Mercy Titans,12,0.6666666666666666,0.9166666666666666,0.33230551635650313,0.4705127398187935,0.13820722346229036
Utah Tech Trailblazers,13,0.6153846153846154,0.9230769230769231,0.5620284968128275,0.4675514159152285,-0.09447708089759904
Vanderbilt Commodores,11,0.6363636363636364,0.8181818181818182,0.4992903047172109,0.46359175430312455,-0.03569855041408637
Butler Bulldogs,15,0.6,0.8666666666666667,0.6388701217174522,0.45936148478662203,-0.17950863693083013
Lindenwood Lions,11,0.6363636363636364,0.9090909090909091,0.452005645645639,0.45682684248580474,0.004821196840165742
Saint Mary's Gaels,14,0.5714285714285714,1.0,0.5762843228023782,0.45601236100465625,-0.12027196179772193
DePaul Blue Demons,15,0.6,0.7333333333333333,0.4450574236607209,0.45547299488412357,0.010415571223402698
Georgia Southern Eagles,13,0.6923076923076923,0.9230769230769231,0.3368143853342596,0.4544598583236249,0.11764547298936529
Murray St Racers,16,0.625,1.0,0.6832489921974088,0.45438111979965756,-0.2288678723977512
Auburn Tigers,14,0.6428571428571429,0.7142857142857143,0.3740262579033832,0.45222146101635396,0.07819520311297079
Eastern Illinois Panthers,12,0.5833333333333334,0.9166666666666666,0.5274449585822519,0.449592518278207,-0.07785244030404492
Saint Peter's Peacocks,9,0.6666666666666666,0.7777777777777778,0.40861529936249985,0.4495014920162362,0.04088619265373633
Arkansas-Pine Bluff Golden Lions,10,0.6,0.9,0.5867631985420801,0.446729979804528,-0.14003321873755215
North Dakota Fighting Hawks,15,0.6,0.8,0.3751364640907053,0.4439629557108388,0.06882649162013355
Oral Roberts Golden Eagles,12,0.5833333333333334,0.8333333333333334,0.368201051505258,0.4433331571080176,0.07513210560275957
Northern Arizona Lumberjacks,12,0.5833333333333334,0.9166666666666666,0.24912347700825332,0.44030893873888405,0.19118546173063072
Pacific Tigers,14,0.5714285714285714,0.7857142857142857,0.36282900834475834,0.4392439225946534,0.07641491424989505
Central Arkansas Bears,10,0.6,1.0,0.7149664870817177,0.43840323884909577,-0.27656324823262196
Princeton Tigers,15,0.6,0.8,0.3309900396125792,0.43702297674978996,0.10603293713721074
Eastern Washington Eagles,12,0.5833333333333334,0.8333333333333334,0.3773285643621544,0.43224872831847894,0.05492016395632454
Arizona St Sun Devils,13,0.6153846153846154,0.9230769230769231,0.39213619097916247,0.42870649212140544,0.03657030114224297
San Diego Toreros,15,0.5333333333333333,0.8666666666666667,0.35526953541572953,0.42635897482044965,0.07108943940472012
Middle Tennessee Blue Raiders,11,0.5454545454545454,0.9090909090909091,0.6384700730523555,0.4253207736676205,-0.21314929938473498
Howard Bison,11,0.6363636363636364,1.0,0.3883262293432537,0.42345207330099965,0.03512584395774593
Vermont Catamounts,11,0.5454545454545454,0.9090909090909091,0.3298432254291031,0.4219846638685876,0.09214143843948447
Texas A&M-CC Islanders,11,0.5454545454545454,1.0,0.5624686734929516,0.4216615167451819,-0.14080715674776972
Oakland Golden Grizzlies,14,0.5714285714285714,0.8571428571428571,0.6046633666191717,0.41946733093493,-0.18519603568424176
UCF Knights,13,0.5384615384615384,1.0,0.7085384910318387,0.4180441569293781,-0.29049433410246067
Saint Louis Billikens,13,0.6153846153846154,0.9230769230769231,0.6409571552824805,0.4172739778402138,-0.22368317744226673
Seton Hall Pirates,15,0.6,0.9333333333333333,0.5947463907365227,0.413073809961401,-0.18167258077512172
Siena Saints,13,0.6153846153846154,0.9230769230769231,0.3027512697437926,0.4127301359806199,0.10997886623682734
Stanford Cardinal,15,0.5333333333333333,0.8666666666666667,0.35549662391360076,0.4107536301561835,0.05525700624258273
GW Revolutionaries,14,0.5714285714285714,0.8571428571428571,0.49770580261468966,0.409664741547567,-0.08804106106712267
Kennesaw St Owls,8,0.625,0.875,0.45575819808741946,0.4088053797425218,-0.04695281834489767
BYU Cougars,14,0.5714285714285714,0.8571428571428571,0.45203525035558023,0.4080272304956551,-0.04400801985992514
North Carolina Tar Heels,15,0.6,0.7333333333333333,0.3843299393355906,0.4062994657078337,0.021969526372243087
Troy Trojans,13,0.6153846153846154,0.8461538461538461,0.30896496725147565,0.40426358815708635,0.0952986209056107
Northeastern Huskies,12,0.5833333333333334,0.8333333333333334,0.37905376674904806,0.4037729644322515,0.024719197683203464
Lipscomb Bisons,10,0.6,0.8,0.30519808977708385,0.40306848798509837,0.09787039820801452
McNeese Cowboys,13,0.5384615384615384,0.8461538461538461,0.4635453788382306,0.40249134615050847,-0.06105403268772214
LSU Tigers,14,0.5714285714285714,0.7857142857142857,0.4620944005487766,0.4023247313737828,-0.05976966917499382
UT Rio Grande Valley Vaqueros,13,0.5384615384615384,0.8461538461538461,0.5308228007806096,0.4004281657291005,-0.1303946350515091
Tenn-Martin Skyhawks,11,0.5454545454545454,0.9090909090909091,0.4735881434371902,0.39764544566240456,-0.07594269777478563
Wright St Raiders,12,0.5833333333333334,0.9166666666666666,0.4039533295880483,0.39672380789923295,-0.007229521688815355
Iowa State Cyclones,13,0.5384615384615384,0.9230769230769231,0.49613415324527776,0.3956771839903589,-0.10045696925491887
Florida A&M Rattlers,9,0.5555555555555556,0.8888888888888888,0.3654153772144884,0.3947753719628852,0.02935999474839679
TCU Horned Frogs,14,0.5714285714285714,0.8571428571428571,0.3490329117349802,0.39477479178431074,0.04574188004933055
SMU Mustangs,14,0.5,0.9285714285714286,0.5132276869584558,0.39443668073958693,-0.11879100621886884
Western Michigan Broncos,10,0.6,0.7,0.2964899764651326,0.39312763031399467,0.09663765384886208
Appalachian St Mountaineers,13,0.6153846153846154,0.7692307692307693,0.27383835929336564,0.3923994881686034,0.11856112887523779
North Carolina Central Eagles,10,0.6,0.8,0.29807501050868895,0.39007670674202327,0.09200169623333432
UAB Blazers,12,0.5833333333333334,0.8333333333333334,0.40653450356040133,0.38810626674981136,-0.01842823681058997
North Carolina A&T Aggies,12,0.5833333333333334,1.0,0.408473724421669,0.3866752718267355,-0.021798452594933515
Massachusetts Minutemen,10,0.6,1.0,0.3289586700116415,0.38609399518068793,0.05713532516904646
Charleston Cougars,14,0.5714285714285714,0.7142857142857143,0.2629832353958489,0.38528339430049746,0.12230015890464857
Western Kentucky Hilltoppers,11,0.5454545454545454,0.7272727272727273,0.29347942953179557,0.38524393215661,0.09176450262481445
Colgate Raiders,12,0.5833333333333334,0.9166666666666666,0.3947639704432001,0.38440955499195095,-0.010354415451249155
Virginia Cavaliers,14,0.5714285714285714,0.7142857142857143,0.3559214252663254,0.3839231821314648,0.028001756865139393
Nebraska Cornhuskers,15,0.5333333333333333,0.8666666666666667,0.5036978069919141,0.3833575232096676,-0.12034028378224654
Liberty Flames,9,0.5555555555555556,0.8888888888888888,0.514244593315432,0.3816846292874008,-0.13255996402803122
Central Connecticut St Blue Devils,10,0.6,0.7,0.24698497578410414,0.3815404853713403,0.13455550958723614
UC Davis Aggies,12,0.5833333333333334,0.8333333333333334,0.5150667233927021,0.3813583000767732,-0.13370842331592891
Quinnipiac Bobcats,13,0.5384615384615384,0.9230769230769231,0.40340083197147397,0.3812287050870773,-0.02217212688439668
Holy Cross Crusaders,13,0.5384615384615384,0.7692307692307693,0.3785794619653931,0.37924514658456066,0.0006656846191675503
Navy Midshipmen,10,0.6,0.9,0.3031408838147236,0.37747579122484176,0.07433490741011817
Weber State Wildcats,13,0.5384615384615384,0.9230769230769231,0.5333666292952349,0.3772830377115346,-0.15608359158370033
Montana Grizzlies,10,0.5,0.8,0.34142196758733734,0.3761880045684777,0.034766036981140336
South Carolina Upstate Spartans,14,0.5714285714285714,1.0,0.4809059626009385,0.3734468325894607,-0.10745913001147778
Columbia Lions,12,0.5833333333333334,1.0,0.5540724719020974,0.3726912955976982,-0.1813811763043992
Idaho Vandals,10,0.5,0.9,0.44358636197989015,0.3725974767690935,-0.07098888521079666
Stony Brook Seawolves,13,0.5384615384615384,0.7692307692307693,0.37575118683137965,0.37218889227633023,-0.0035622945550494167
North Florida Ospreys,12,0.5833333333333334,0.9166666666666666,0.415828241651214,0.3720863918196195,-0.043741849831594515
Gonzaga Bulldogs,17,0.5882352941176471,0.8235294117647058,0.47407528270358246,0.3717650076213369,-0.10231027508224555
Marist Red Foxes,13,0.5384615384615384,0.9230769230769231,0.5684756204032714,0.370806690366532,-0.19766893003673935
Georgia Tech Yellow Jackets,13,0.5384615384615384,0.8461538461538461,0.30831950414637,0.3693512837136718,0.061031779567301825
Tennessee Tech Golden Eagles,12,0.5,0.75,0.2996323778904316,0.36864682160329737,0.06901444371286575
Stonehill Skyhawks,11,0.5454545454545454,0.8181818181818182,0.3108442570593036,0.3673841497845462,0.056539892725242624
Houston Christian Huskies,12,0.5,0.6666666666666666,0.3089969691566501,0.3665910803418226,0.05759411118517249
Mercyhurst Lakers,12,0.5833333333333334,0.8333333333333334,0.39048732878929754,0.36603737812679676,-0.024449950662500775
North Dakota St Bison,13,0.5384615384615384,0.8461538461538461,0.3701522875158567,0.3644329881203078,-0.005719299395548938
New Mexico Lobos,13,0.5384615384615384,0.8461538461538461,0.4684982363949011,0.36403492552414973,-0.10446331087075139
Charleston Southern Buccaneers,14,0.5714285714285714,0.8571428571428571,0.5096900381200062,0.35969008550870757,-0.14999995261129867
CSU Northridge Matadors,14,0.5,0.7142857142857143,0.3283335914950448,0.3590921402302974,0.030758548735252578
Providence Friars,13,0.5384615384615384,0.7692307692307693,0.21867460299450958,0.3588936590140007,0.14021905601949114
Merrimack Warriors,13,0.5384615384615384,0.9230769230769231,0.21814731822497516,0.3584011832183821,0.14025386499340695
NJIT Highlanders,11,0.5454545454545454,0.7272727272727273,0.3294378627167346,0.35449295612696635,0.025055093410231766
CSU Fullerton Titans,13,0.5384615384615384,0.7692307692307693,0.42102801150929836,0.3511370451731428,-0.06989096633615555
Lafayette Leopards,11,0.5454545454545454,0.8181818181818182,0.2528665230238985,0.35110782122656,0.09824129820266148
American Eagles,9,0.5555555555555556,0.7777777777777778,0.3067637681489267,0.3479065370213351,0.04114276887240842
Utah State Aggies,12,0.5,0.8333333333333334,0.4116259677285978,0.3478197591411497,-0.06380620858744807
Wyoming Cowboys,12,0.5,0.8333333333333334,0.5608974346347804,0.3467339686369121,-0.21416346599786829
Valparaiso Beacons,14,0.5714285714285714,0.8571428571428571,0.40888639434870205,0.3465033623347628,-0.062383032013939244
Washington Huskies,13,0.5384615384615384,0.7692307692307693,0.40154158203399765,0.34648704198292923,-0.05505454005106841
Pepperdine Waves,15,0.4666666666666667,0.8666666666666667,0.2583351477320384,0.3446327022970751,0.08629755456503668
Miami Hurricanes,14,0.5714285714285714,1.0,0.5034568410813681,0.34460222220449993,-0.1588546188768682
Hampton Pirates,14,0.5714285714285714,0.9285714285714286,0.2696468312734256,0.3426551866197775,0.07300835534635192
Elon Phoenix,12,0.5,1.0,0.4520394836230758,0.34132038604261167,-0.11071909758046411
Bryant Bulldogs,12,0.5,0.6666666666666666,0.2048892426760299,0.33978076974977595,0.13489152707374605
Alabama A&M Bulldogs,11,0.5454545454545454,0.7272727272727273,0.26452894415382877,0.33868052060461684,0.07415157645078807
Michigan St Spartans,15,0.5333333333333333,0.9333333333333333,0.3480622014522685,0.3386736447157064,-0.009388556736562137
Colorado Buffaloes,13,0.46153846153846156,0.8461538461538461,0.23530764234039728,0.33716740691455205,0.10185976457415477
Bowling Green Falcons,10,0.5,0.8,0.40159365234500055,0.3369948057287121,-0.06459884661628845
New Hampshire Wildcats,10,0.5,0.8,0.3325089725944901,0.3367449340018979,0.00423596140740784
Richmond Spiders,13,0.5384615384615384,0.8461538461538461,0.3791522855589947,0.33627461319541846,-0.04287767236357626
Northwestern St Demons,12,0.5,0.75,0.30482267723618245,0.33594371229517717,0.031121035058994717
Air Force Falcons,12,0.5,0.75,0.1561238461700719,0.33567630238265844,0.17955245621258653
Western Illinois Leathernecks,12,0.5,0.8333333333333334,0.30075631968929184,0.33437035743201704,0.0336140377427252
UC Riverside Highlanders,12,0.5,0.8333333333333334,0.23635211671819734,0.33434909210562247,0.09799697538742513
San Francisco Dons,15,0.5333333333333333,0.8,0.23833421070252692,0.3332673045985753,0.09493309389604837
Duke Blue Devils,14,0.5,0.8571428571428571,0.17847039783127228,0.3331476072992486,0.1546772094679763
Baylor Bears,12,0.5,1.0,0.2603157734214768,0.33273874216366345,0.07242296874218662
Dartmouth Big Green,12,0.5,0.8333333333333334,0.3646658316908768,0.3324898514381916,-0.0321759802526852
Monmouth Hawks,11,0.5454545454545454,0.9090909090909091,0.2545947088910798,0.3318801980229819,0.07728548913190209
New Haven Chargers,10,0.5,1.0,0.4630724239232938,0.33124454131020115,-0.13182788261309264
Brown Bears,10,0.5,0.9,0.2767853414845711,0.3299703236200058,0.053184982135434655
Charlotte 49ers,13,0.46153846153846156,0.9230769230769231,0.48353148500838006,0.32912727147939014,-0.15440421352898992
Delaware Blue Hens,12,0.5,0.75,0.3640407105335014,0.32713834837242484,-0.03690236216107656
San Jos√© St Spartans,12,0.5,0.9166666666666666,0.4353319500063753,0.3270959048381077,-0.10823604516826763
California Golden Bears,14,0.5,0.9285714285714286,0.3764659619512724,0.32692064688370304,-0.04954531506756937
Santa Clara Broncos,16,0.5,0.875,0.33052860906574594,0.3264296992476136,-0.004098909818132324
South Dakota Coyotes,11,0.45454545454545453,0.8181818181818182,0.2990786292057212,0.32611660661747177,0.02703797741175057
Yale Bulldogs,12,0.5,0.75,0.2678992459584129,0.3253704803924828,0.05747123443406987
Campbell Fighting Camels,14,0.5,0.7857142857142857,0.3330006365266142,0.3222410293855119,-0.010759607141102301
Missouri St Bears,11,0.45454545454545453,0.6363636363636364,0.25648256474635817,0.3216902215368755,0.06520765679051732
Mt. St. Mary's Mountaineers,13,0.5384615384615384,0.8461538461538461,0.202821761957901,0.3201650717000253,0.11734330974212429
UNLV Rebels,12,0.5,0.5833333333333334,0.22186465644510459,0.31954395378219524,0.09767929733709066
Nicholls St Colonels,13,0.46153846153846156,1.0,0.526044406587348,0.3192786985096624,-0.20676570807768557
Alabama Crimson Tide,14,0.5,0.9285714285714286,0.38853090355154263,0.31805708208567635,-0.07047382146586628
Utah Valley Wolverines,13,0.46153846153846156,0.8461538461538461,0.37087903758782603,0.3169832309127261,-0.05389580667509991
Texas Longhorns,12,0.5,0.75,0.17503374072008282,0.31639406252105273,0.1413603218009699
Houston Cougars,13,0.5384615384615384,0.8461538461538461,0.13607737846196757,0.3155343401669379,0.1794569617049703
George Mason Patriots,13,0.5384615384615384,0.8461538461538461,0.28007362087403787,0.31281201091992894,0.032738390045891075
Bucknell Bison,13,0.46153846153846156,0.7692307692307693,0.16295087993057028,0.31157447076583833,0.14862359083526805
SE Missouri St Redhawks,11,0.45454545454545453,0.9090909090909091,0.3599234583582351,0.3111219778122463,-0.04880148054598876
Nevada Wolf Pack,13,0.46153846153846156,0.7692307692307693,0.43614897475168973,0.3105780975373114,-0.12557087721437832
UMass Lowell River Hawks,12,0.5,0.8333333333333334,0.35597362095375973,0.3081986447477256,-0.0477749762060341
Clemson Tigers,14,0.5,0.9285714285714286,0.3147006417864224,0.3070484925260517,-0.0076521492603706665
Abilene Christian Wildcats,12,0.5,0.75,0.40604346959790744,0.3063411310340089,-0.09970233856389854
Georgia Bulldogs,13,0.46153846153846156,0.9230769230769231,0.4047449241354973,0.30471943761288245,-0.10002548652261484
Ohio Bobcats,13,0.46153846153846156,0.8461538461538461,0.22533002648200764,0.3041934931597021,0.07886346667769448
Robert Morris Colonials,13,0.5384615384615384,0.9230769230769231,0.3342643833472272,0.3041199583630276,-0.030144424984199614
New Mexico St Aggies,9,0.4444444444444444,0.8888888888888888,0.28336647197618725,0.30285120543486593,0.019484733458678682
UL Monroe Warhawks,13,0.5384615384615384,0.8461538461538461,0.37464616198162204,0.30260857918188994,-0.0720375827997321
South Dakota St Jackrabbits,14,0.5,0.8571428571428571,0.24064356184205105,0.30018985141880655,0.05954628957675551
Northern Illinois Huskies,12,0.5,0.8333333333333334,0.30858097975913024,0.2993155615829127,-0.00926541817621751
West Virginia Mountaineers,13,0.5384615384615384,0.9230769230769231,0.33191814006253195,0.29885948802029727,-0.03305865204223468
Texas A&M Aggies,14,0.5,0.7142857142857143,0.3156796445136813,0.29639160901194495,-0.019288035501736356
Marquette Golden Eagles,14,0.2857142857142857,0.5714285714285714,0.09505714566911969,0.295808913324844,0.2007517676557243
Wofford Terriers,12,0.5,0.9166666666666666,0.26257661787132275,0.2955623948492162,0.032985776977893455
Cal Baptist Lancers,16,0.4375,0.875,0.2718110891940551,0.2950738327516538,0.023262743557598664
Green Bay Phoenix,12,0.5,0.75,0.379507954861514,0.29436038909260737,-0.08514756576890664
Illinois Fighting Illini,13,0.5384615384615384,0.7692307692307693,0.25054214743820197,0.2938483627420257,0.043306215303823725
Cal Poly Mustangs,14,0.42857142857142855,0.9285714285714286,0.3457844675749276,0.293535377627095,-0.052249089947832617
Oklahoma St Cowboys,13,0.46153846153846156,0.8461538461538461,0.24491380099228427,0.2923660205073596,0.04745221951507533
Georgia St Panthers,13,0.46153846153846156,0.7692307692307693,0.29115680182417314,0.291682977186391,0.0005261753622178844
Belmont Bruins,15,0.4666666666666667,0.9333333333333333,0.43432038146081137,0.28626173492800894,-0.14805864653280243
Kent State Golden Flashes,10,0.5,0.7,0.1707265429366579,0.28617119233905486,0.11544464940239696
Southern Illinois Salukis,13,0.46153846153846156,0.9230769230769231,0.39047725859410626,0.2859167565444969,-0.10456050204960937
Indiana Hoosiers,14,0.5,0.7142857142857143,0.25416256562278916,0.2852244643267827,0.031061898703993562
Texas Tech Red Raiders,14,0.42857142857142855,0.7857142857142857,0.27266836050112975,0.2850799548639814,0.012411594362851663
Drexel Dragons,13,0.46153846153846156,0.7692307692307693,0.18726593649658918,0.28440411949773253,0.09713818300114335
Evansville Purple Aces,14,0.42857142857142855,0.7857142857142857,0.2048672366366337,0.28354553708088454,0.07867830044425084
Alabama St Hornets,13,0.46153846153846156,0.6923076923076923,0.27695425978369614,0.2831177332171266,0.006163473433430433
Coppin St Eagles,16,0.375,0.6875,0.06022204867281576,0.2828578179549889,0.2226357692821731
Pittsburgh Panthers,15,0.4666666666666667,0.7333333333333333,0.24350398568238896,0.2826117677631822,0.03910778208079324
Lamar Cardinals,11,0.45454545454545453,0.8181818181818182,0.22385940899416962,0.2816726956857026,0.05781328669153296
NC State Wolfpack,14,0.5,0.7857142857142857,0.27902329344079685,0.28121122059736287,0.0021879271565660163
Kentucky Wildcats,14,0.42857142857142855,0.7857142857142857,0.29784175969467364,0.2811545987661255,-0.01668716092854816
Chicago St Cougars,12,0.4166666666666667,0.8333333333333334,0.3725526798460954,0.28114257390407343,-0.09141010594202198
Eastern Kentucky Colonels,12,0.4166666666666667,0.8333333333333334,0.1880191765146281,0.28013909340186505,0.09211991688723695
VCU Rams,12,0.5,0.9166666666666666,0.2714630336032491,0.2800045199224526,0.00854148631920354
Delaware St Hornets,9,0.5555555555555556,0.8888888888888888,0.323674912770587,0.2792224210810181,-0.04445249168956894
South Florida Bulls,9,0.4444444444444444,0.8888888888888888,0.3434823418028945,0.279117659608422,-0.0643646821944725
San Diego St Aztecs,12,0.4166666666666667,0.8333333333333334,0.1923640006467565,0.2784834888388101,0.08611948819205359
Florida St Seminoles,15,0.4666666666666667,0.7333333333333333,0.2734820858452601,0.2766915194633307,0.0032094336180705785
Kansas St Wildcats,14,0.42857142857142855,0.7142857142857143,0.2956028160404985,0.27667897188644125,-0.018923844154057234
CSU Bakersfield Roadrunners,13,0.46153846153846156,0.7692307692307693,0.28666962441217475,0.27562475686748816,-0.011044867544686587
Miss Valley St Delta Devils,14,0.42857142857142855,0.8571428571428571,0.30668600255272177,0.27245970590653557,-0.034226296646186205
UNC Asheville Bulldogs,12,0.4166666666666667,0.8333333333333334,0.17267140246938328,0.27158075694780504,0.09890935447842175
Coastal Carolina Chanticleers,15,0.4666666666666667,0.8,0.3350570187061456,0.26995167691785,-0.06510534178829563
Canisius Golden Griffins,13,0.46153846153846156,0.7692307692307693,0.21336320292934588,0.26898340411899363,0.05562020118964775
UC Irvine Anteaters,14,0.42857142857142855,0.7857142857142857,0.27918810631030133,0.26866175318604757,-0.010526353124253762
Oregon Ducks,15,0.26666666666666666,0.8666666666666667,0.10283120276027866,0.26854128969245733,0.16571008693217867
UCLA Bruins,14,0.42857142857142855,0.7857142857142857,0.17313874482286504,0.26805461574977885,0.09491587092691381
Presbyterian Blue Hose,12,0.5,0.75,0.20001383110616108,0.26774612396267056,0.06773229285650947
VMI Keydets,10,0.5,0.5,0.09697522319167101,0.26660698453089454,0.16963176133922353
Seattle Redhawks,14,0.42857142857142855,0.9285714285714286,0.4216834221413222,0.2662777376001814,-0.1554056845411408
Creighton Bluejays,15,0.4666666666666667,0.6,0.14796430603999444,0.26333847790283554,0.1153741718628411
St. John's Red Storm,14,0.42857142857142855,0.7142857142857143,0.17738317510232046,0.2618933195221834,0.08451014441986296
Boston Univ. Terriers,11,0.45454545454545453,0.8181818181818182,0.16203130061223692,0.2617069333033757,0.09967563269113877
UNC Greensboro Spartans,10,0.5,0.7,0.20076768228995095,0.2600170301830039,0.05924934789305297
New Orleans Privateers,15,0.4,0.8666666666666667,0.27135054235597716,0.2598437941882839,-0.01150674816769326
East Texas A&M Lions,12,0.4166666666666667,0.6666666666666666,0.17771522779629323,0.25944332772374157,0.08172809992744834
Washington St Cougars,16,0.4375,0.875,0.24757471376098386,0.25854481745932856,0.010970103698344696
St. Bonaventure Bonnies,12,0.4166666666666667,0.9166666666666666,0.24116535039940956,0.2583221595758663,0.017156809176456733
UMKC Kangaroos,13,0.38461538461538464,0.8461538461538461,0.23149351340093272,0.2583036769934152,0.026810163592482505
SE Louisiana Lions,13,0.46153846153846156,0.9230769230769231,0.32117465097208375,0.2573731103851485,-0.06380154058693527
Rice Owls,12,0.4166666666666667,0.6666666666666666,0.12923454633494857,0.2542341112090566,0.12499956487410802
Harvard Crimson,11,0.45454545454545453,0.8181818181818182,0.3283251586856708,0.25394985127804515,-0.07437530740762566
La Salle Explorers,12,0.4166666666666667,0.8333333333333334,0.216357635947512,0.2535564974381277,0.03719886149061569
Missouri Tigers,14,0.42857142857142855,0.6428571428571429,0.17679237200157977,0.25231552747115416,0.07552315546957439
Manhattan Jaspers,14,0.42857142857142855,0.7142857142857143,0.17725827765279448,0.2515542836097315,0.074296005956937
Sacramento St Hornets,10,0.4,1.0,0.28511093003686266,0.2511247508810843,-0.03398617915577834
Bethune-Cookman Wildcats,12,0.4166666666666667,0.75,0.25853533631104736,0.25032096209476207,-0.008214374216285292
Stetson Hatters,11,0.45454545454545453,0.8181818181818182,0.1642546690502264,0.24912420111838135,0.08486953206815495
Sacred Heart Pioneers,14,0.42857142857142855,0.7142857142857143,0.120405170890525,0.2483266277567064,0.1279214568661814
Portland Pilots,14,0.42857142857142855,0.9285714285714286,0.39031847177492623,0.24785975366396687,-0.14245871811095936
Wake Forest Demon Deacons,15,0.4,0.8,0.35161361335975094,0.24711058456282126,-0.10450302879692969
Duquesne Dukes,12,0.4166666666666667,1.0,0.29468659696994465,0.2469956111736216,-0.047690985796323054
Davidson Wildcats,13,0.46153846153846156,0.8461538461538461,0.33547663304965214,0.2465946802966562,-0.08888195275299593
North Alabama Lions,9,0.4444444444444444,0.5555555555555556,0.15639980291735678,0.24531801324009617,0.08891821032273939
Austin Peay Governors,9,0.4444444444444444,1.0,0.28826723133400645,0.24495282298178306,-0.04331440835222339
Radford Highlanders,11,0.45454545454545453,0.8181818181818182,0.24378275420476067,0.24336739730238113,-0.0004153569023795378
Tulane Green Wave,14,0.42857142857142855,0.7857142857142857,0.17029989420626704,0.24260217927207636,0.07230228506580932
Morgan St Bears,12,0.4166666666666667,0.75,0.10600730981925985,0.2424823021032434,0.13647499228398355
Gardner-Webb Bulldogs,12,0.4166666666666667,0.75,0.13245967202622497,0.24062437460531147,0.1081647025790865
High Point Panthers,12,0.4166666666666667,0.5833333333333334,0.21263158957584516,0.24060271650612014,0.02797112693027498
Winthrop Eagles,12,0.4166666666666667,0.5833333333333334,0.1443125617654174,0.23970283191926264,0.09539027015384524
Syracuse Orange,12,0.4166666666666667,0.9166666666666666,0.2661397290016919,0.23937739698039937,-0.02676233202129255
Milwaukee Panthers,15,0.4,0.8666666666666667,0.2386163587529689,0.23852436589611392,-9.199285685498881e-05
South Carolina Gamecocks,14,0.42857142857142855,0.9285714285714286,0.2544282195740169,0.23813045038187383,-0.01629776919214307
Louisiana Tech Bulldogs,10,0.4,0.8,0.23482057332477788,0.23743512658516527,0.0026145532603873978
Mississippi St Bulldogs,13,0.38461538461538464,0.7692307692307693,0.20282815329251433,0.2367866833927356,0.03395853010022126
Dayton Flyers,13,0.46153846153846156,0.8461538461538461,0.20886381572666055,0.23646407685506715,0.027600261128406606
Cleveland St Vikings,11,0.45454545454545453,0.7272727272727273,0.21701687798263736,0.23637919143568284,0.019362313453045482
Ole Miss Rebels,14,0.21428571428571427,0.7857142857142857,0.06220475352072161,0.2351985313377265,0.1729937778170049
Hawai'i Rainbow Warriors,12,0.4166666666666667,1.0,0.31560442549977646,0.23518245733037124,-0.08042196816940522
UIC Flames,11,0.36363636363636365,0.7272727272727273,0.19563089161791375,0.23144024769951307,0.035809356081599325
St. Thomas (MN) Tommies,12,0.3333333333333333,0.75,0.2704152102667877,0.23029743537711478,-0.04011777488967294
Xavier Musketeers,14,0.35714285714285715,0.7142857142857143,0.17975612568344274,0.229176033463102,0.04941990777965927
Southern Jaguars,11,0.45454545454545453,0.8181818181818182,0.20414211355793985,0.22763105469483041,0.023488941136890568
IUPUI Jaguars,15,0.4,0.6,0.11723987970503506,0.2272688463937593,0.11002896668872424
Queens University Royals,13,0.38461538461538464,0.8461538461538461,0.27229228384909976,0.22506429992902113,-0.047227983920078626
Towson Tigers,12,0.4166666666666667,0.75,0.17783148539293267,0.223980021623561,0.04614853623062834
Longwood Lancers,10,0.4,0.8,0.34642682980936895,0.22365935451533792,-0.12276747529403104
UMBC Retrievers,8,0.375,0.875,0.2702959180892344,0.2232747775775288,-0.04702114051170561
Jacksonville Dolphins,11,0.36363636363636365,0.8181818181818182,0.12866757777619853,0.22300078412778565,0.09433320635158712
Norfolk St Spartans,12,0.4166666666666667,0.9166666666666666,0.24530868285775323,0.22052720471146928,-0.024781478146283953
Drake Bulldogs,12,0.3333333333333333,0.9166666666666666,0.18407218978302792,0.21924130712707662,0.035169117344048706
Temple Owls,14,0.42857142857142855,0.8571428571428571,0.25924722414091567,0.21912821955190206,-0.0401190045890136
Southern Miss Golden Eagles,13,0.38461538461538464,1.0,0.38572211050392874,0.21849848339784483,-0.1672236271060839
Tennessee Volunteers,14,0.35714285714285715,0.7142857142857143,0.20454637753270957,0.21771619694926694,0.013169819416557371
Wisconsin Badgers,14,0.42857142857142855,0.7142857142857143,0.1949273754387189,0.21706497058237578,0.022137595143656874
Morehead St Eagles,12,0.4166666666666667,0.9166666666666666,0.22579223006456878,0.21695914200168517,-0.008833088062883604
Furman Paladins,11,0.36363636363636365,0.8181818181818182,0.16897602247525442,0.2167980677596585,0.04782204528440409
Louisiana Ragin' Cajuns,16,0.4375,0.75,0.09933630323943086,0.2159235530817187,0.11658724984228784
Grand Canyon Antelopes,13,0.38461538461538464,0.8461538461538461,0.16721723271376956,0.21516601368805677,0.0479487809742872
USC Trojans,13,0.38461538461538464,0.7692307692307693,0.1253519506343094,0.21246359275988247,0.08711164212557307
South Carolina St Bulldogs,13,0.38461538461538464,0.7692307692307693,0.13993915340951657,0.21148519606055705,0.07154604265104048
Old Dominion Monarchs,14,0.35714285714285715,0.9285714285714286,0.20206751505148995,0.21102778462976574,0.008960269578275781
Southern Indiana Screaming Eagles,11,0.36363636363636365,0.8181818181818182,0.22485373497864258,0.2077853370194446,-0.017068397959197984
UConn Huskies,15,0.4,0.8,0.22740522327507612,0.20750287715954702,-0.0199023461155291
Cincinnati Bearcats,14,0.35714285714285715,0.7857142857142857,0.17173929861909912,0.20659374235370412,0.034854443734605
Binghamton Bearcats,9,0.3333333333333333,0.4444444444444444,0.09436969400615763,0.20610740301602892,0.11173770900987129
Ohio State Buckeyes,14,0.35714285714285715,0.9285714285714286,0.15683196667302807,0.2059616870343298,0.049129720361301726
Oregon St Beavers,16,0.375,0.8125,0.19179849734154977,0.2055788716113496,0.013780374269799833
Fairfield Stags,11,0.36363636363636365,0.9090909090909091,0.18103491067366184,0.20489813401161222,0.02386322333795038
Fairleigh Dickinson Knights,8,0.375,1.0,0.31615693018090174,0.20464568871074496,-0.11151124147015679
Minnesota Golden Gophers,14,0.42857142857142855,0.7142857142857143,0.20813456684295684,0.2042191748927933,-0.003915391950163549
East Tennessee St Buccaneers,10,0.4,0.9,0.19736994182176523,0.20323656918059588,0.005866627358830645
Fort Wayne Mastodons,14,0.35714285714285715,0.7142857142857143,0.14311564336596028,0.1989712502277282,0.05585560686176794
Rhode Island Rams,14,0.35714285714285715,0.7857142857142857,0.19523104692154644,0.19870307413159247,0.0034720272100460248
St. Francis (PA) Red Flash,13,0.38461538461538464,0.6923076923076923,0.13009801475516125,0.19845088548914863,0.06835287073398738
Northern Kentucky Norse,13,0.38461538461538464,0.7692307692307693,0.12578857196584362,0.196591342696388,0.07080277073054439
Chattanooga Mocs,10,0.3,0.6,0.03304383122934019,0.19420173677867356,0.16115790554933337
James Madison Dukes,13,0.3076923076923077,0.8461538461538461,0.20819912483208078,0.1938821908862177,-0.014316933945863086
UTEP Miners,10,0.3,0.7,0.1386514563699659,0.1936948561726922,0.055043399802726295
SIU-Edwardsville Cougars,11,0.36363636363636365,0.7272727272727273,0.10663752936688346,0.19287141939479374,0.08623389002791028
Maryland Terrapins,14,0.42857142857142855,0.7142857142857143,0.03473467308244678,0.19258605665884632,0.15785138357639955
Northwestern Wildcats,14,0.35714285714285715,1.0,0.21666312140613547,0.19245756295415395,-0.024205558451981524
Marshall Thundering Herd,12,0.3333333333333333,1.0,0.38217228859986196,0.18932624268092269,-0.19284604591893928
Toledo Rockets,12,0.3333333333333333,0.9166666666666666,0.24347196185725903,0.18894614419561478,-0.054525817661644244
Central Michigan Chippewas,12,0.4166666666666667,0.6666666666666666,0.12932688913001933,0.18716159273827482,0.05783470360825549
Youngstown St Penguins,12,0.3333333333333333,0.75,0.1363152154558839,0.18599116670990098,0.04967595125401708
Alcorn St Braves,10,0.4,0.7,0.1432243451408005,0.1855042277393754,0.042279882598574875
Ball State Cardinals,10,0.3,1.0,0.09915315585509553,0.1835609787721986,0.08440782291710307
Florida Gators,13,0.3076923076923077,0.7692307692307693,0.06690955438230477,0.18352998073575938,0.11662042635345461
South Alabama Jaguars,14,0.42857142857142855,0.8571428571428571,0.14007352008585877,0.1821526596983718,0.04207913961251303
Maine Black Bears,10,0.3,0.8,0.0990195059854237,0.1816277799515655,0.08260827396614182
Lehigh Mountain Hawks,12,0.3333333333333333,0.6666666666666666,0.13914559938300175,0.17825382632940343,0.039108226946401675
Samford Bulldogs,12,0.4166666666666667,0.8333333333333334,0.16936580710781202,0.17761241893506197,0.00824661182724995
The Citadel Bulldogs,12,0.3333333333333333,0.75,0.07876159470811357,0.1770057382295438,0.09824414352143022
Penn State Nittany Lions,13,0.3076923076923077,0.8461538461538461,0.13283243655631596,0.17693111460094801,0.04409867804463205
Bradley Braves,14,0.2857142857142857,0.7142857142857143,0.19769018690370788,0.17626576875744746,-0.02142441814626042
Utah Utes,14,0.35714285714285715,0.8571428571428571,0.17018812715234122,0.1753056056951726,0.005117478542831372
Loyola (Chi) Ramblers,14,0.2857142857142857,0.5714285714285714,0.12231367642631918,0.1749944705008982,0.05268079407457901
Western Carolina Catamounts,10,0.3,0.9,0.16555915330217516,0.17386147174816147,0.008302318445986306
Southern Utah Thunderbirds,11,0.2727272727272727,0.7272727272727273,0.055014316188657354,0.17353858805452052,0.11852427186586317
Jacksonville St Gamecocks,10,0.3,0.9,0.15851917985767097,0.1712817568503904,0.012762576992719432
Omaha Mavericks,12,0.3333333333333333,0.9166666666666666,0.17337788518346223,0.17118962261359877,-0.0021882625698634584
Florida Gulf Coast Eagles,12,0.25,0.9166666666666666,0.21775920890944653,0.17043947652090446,-0.04731973238854206
Boston College Eagles,14,0.21428571428571427,0.7857142857142857,0.11135119710272,0.17004831397086734,0.05869711686814734
Rider Broncs,12,0.3333333333333333,0.9166666666666666,0.06780411387491615,0.16942354884319738,0.10161943496828123
Jackson St Tigers,14,0.2857142857142857,0.7142857142857143,0.026421076434743677,0.16860501008901443,0.14218393365427076
Cornell Big Red,11,0.2727272727272727,1.0,0.19270481399320497,0.1665514417829965,-0.02615337221020847
Texas State Bobcats,13,0.38461538461538464,0.7692307692307693,0.18790734867787956,0.16479562849344961,-0.023111720184429946
Niagara Purple Eagles,11,0.2727272727272727,0.7272727272727273,0.06887195685969717,0.16172655713843093,0.09285460027873375
Oklahoma Sooners,13,0.38461538461538464,0.8461538461538461,0.2516586607935747,0.1579469511136165,-0.09371170967995818
UTSA Roadrunners,12,0.25,0.75,0.10606823616580868,0.15350271642451377,0.047434480258705086
UC Santa Barbara Gauchos,12,0.25,0.9166666666666666,0.10782804689649253,0.15303004766074416,0.045202000764251626
Rutgers Scarlet Knights,15,0.3333333333333333,0.8666666666666667,0.09526413957705557,0.14808818553700573,0.05282404595995016
Texas Southern Tigers,11,0.09090909090909091,0.7272727272727273,0.01567369307998018,0.14461595233903682,0.12894225925905664
UNC Wilmington Seahawks,12,0.25,0.9166666666666666,0.0930924661817438,0.1432188709344754,0.05012640475273161
East Carolina Pirates,13,0.23076923076923078,0.5384615384615384,0.0,0.14311343613364474,0.14311343613364474
Albany Great Danes,13,0.3076923076923077,0.8461538461538461,0.12693291156841902,0.13728992495357972,0.010357013385160707
Loyola (MD) Greyhounds,11,0.2727272727272727,0.6363636363636364,0.033221135652961836,0.13126561727905434,0.0980444816260925
Arkansas-Little Rock Trojans,13,0.3076923076923077,0.6923076923076923,0.115816580871403,0.12759587557260813,0.011779294701205131
Saint Joseph's Hawks,12,0.16666666666666666,0.75,0.050033020179265766,0.09920329691128064,0.04917027673201488
Georgetown Hoyas,13,0.23076923076923078,0.8461538461538461,0.016074297549526127,0.0,-0.016074297549526127
