team,games,wins,simple_win_pct,network_rating,point_diff_avg,simple_sos,network_sos,community,simple_tier,network_tier
Michigan Wolverines,13,13,1.0,1.0,30.23076923076923,0.642772687342823,0.38322737720314026,1,Elite,Elite
Arizona Wildcats,14,14,1.0,0.858987271703536,23.714285714285715,0.5253924646781789,0.3009189865646301,5,Elite,Elite
Purdue Boilermakers,14,13,0.9285714285714286,0.8243677388626744,19.857142857142858,0.5659863945578231,0.3506029711012278,3,Elite,Elite
Gonzaga Bulldogs,17,16,0.9411764705882353,0.8152335065481817,24.235294117647058,0.498612906701142,0.31470938403385973,5,Elite,Elite
Michigan St Spartans,15,13,0.8666666666666667,0.8091732866468939,14.666666666666666,0.6043645243645243,0.3633331331631599,2,Elite,Elite
Saint Mary's Gaels,14,13,0.9285714285714286,0.7887835836356735,15.857142857142858,0.5494003020788735,0.2989744514037144,5,Elite,Elite
Iowa State Cyclones,13,13,1.0,0.7859030511452295,26.76923076923077,0.44542444734752434,0.2790625380204362,0,Elite,Elite
UConn Huskies,15,14,0.9333333333333333,0.7830220184902518,17.666666666666668,0.5567521367521366,0.3517040410785445,4,Elite,Elite
BYU Cougars,14,13,0.9285714285714286,0.7665628401370213,20.0,0.5832482993197278,0.3385508483192073,5,Elite,Elite
Vanderbilt Commodores,11,11,1.0,0.7608409695154038,22.636363636363637,0.49865437592710327,0.2873622328509283,0,Elite,Elite
Nebraska Cornhuskers,15,15,1.0,0.7537651112462891,15.333333333333334,0.5451304251304251,0.32024276685478215,2,Elite,Elite
Duke Blue Devils,14,13,0.9285714285714286,0.7300309820243608,21.785714285714285,0.5529506208077636,0.33898525415480296,4,Elite,Elite
Saint Louis Billikens,13,12,0.9230769230769231,0.6868732035359812,23.384615384615383,0.463899882169113,0.22868826542714635,2,Elite,Elite
Georgia Bulldogs,13,13,1.0,0.6853942726167225,27.53846153846154,0.4176238291622907,0.18613562586348797,1,Elite,Elite
Villanova Wildcats,14,12,0.8571428571428571,0.681426599623274,11.714285714285714,0.573731030873888,0.3570818257225271,4,Elite,Elite
Virginia Cavaliers,14,12,0.8571428571428571,0.6575752705612007,18.071428571428573,0.4812358276643991,0.2596139040817102,1,Elite,Elite
SMU Mustangs,14,12,0.8571428571428571,0.6486824621473765,14.571428571428571,0.6163333690119404,0.3459061873856203,0,Elite,Elite
Seton Hall Pirates,15,13,0.8666666666666667,0.6439878291290475,11.266666666666667,0.5059380434380435,0.26683379402055085,4,Elite,Elite
North Carolina Tar Heels,15,13,0.8666666666666667,0.6437074816559136,15.4,0.5564446664446664,0.32452068034714515,1,Elite,Elite
Utah State Aggies,12,11,0.9166666666666666,0.6377221567991991,15.166666666666666,0.509416971916972,0.2733035082700233,5,Elite,Elite
Texas Tech Red Raiders,14,11,0.7857142857142857,0.6333564712393498,11.428571428571429,0.6536963036963037,0.4021927288994757,1,Elite,Elite
Iowa Hawkeyes,14,12,0.8571428571428571,0.6312610995288421,20.571428571428573,0.5023916559630844,0.271914714096983,2,Elite,Elite
UCF Knights,13,12,0.9230769230769231,0.6273678667763126,12.846153846153847,0.5138378715301791,0.29417283073504064,0,Elite,Elite
LSU Tigers,14,12,0.8571428571428571,0.620757512095819,16.5,0.46293825222396645,0.24222212954871947,0,Elite,Elite
Virginia Tech Hokies,13,12,0.9230769230769231,0.6203729855815104,13.23076923076923,0.5388278388278388,0.29348762761500224,1,Elite,Elite
Houston Cougars,13,12,0.9230769230769231,0.618963881191826,18.46153846153846,0.445987345987346,0.2561936037744585,1,Elite,Elite
Alabama Crimson Tide,14,11,0.7857142857142857,0.6133277357483313,13.071428571428571,0.6531243266537384,0.43870536776788877,1,Elite,Elite
Illinois Fighting Illini,13,10,0.7692307692307693,0.6056106841964963,17.307692307692307,0.5925241425241425,0.38997792967380557,1,Mid,Elite
Belmont Bruins,15,12,0.8,0.6011156163078748,12.333333333333334,0.41270507270507273,0.1801441203914442,3,Elite,Elite
Louisville Cardinals,14,11,0.7857142857142857,0.598847397086726,21.214285714285715,0.5419080919080919,0.3193041710992816,1,Elite,Elite
Indiana Hoosiers,14,11,0.7857142857142857,0.5985490525722543,18.0,0.507925407925408,0.2575543700832778,2,Elite,Elite
Santa Clara Broncos,16,12,0.75,0.5804792053544244,10.9375,0.5353794642857144,0.2719945158648306,5,Mid,Elite
Kansas Jayhawks,14,10,0.7142857142857143,0.5776546311520653,11.214285714285714,0.6550818229389659,0.42322797377069393,4,Mid,Elite
Arkansas Razorbacks,14,11,0.7857142857142857,0.5678670718932227,15.357142857142858,0.5441831977546264,0.3467642833543104,1,Elite,Elite
George Mason Patriots,13,12,0.9230769230769231,0.5639391623376687,11.23076923076923,0.4210276902584595,0.1937424235934412,4,Elite,Elite
St. John's Red Storm,14,9,0.6428571428571429,0.5594549801685267,12.571428571428571,0.6316909281194995,0.3624726760354201,1,Mid,Elite
Miami Hurricanes,14,12,0.8571428571428571,0.5586500225859155,20.714285714285715,0.4044760794760795,0.22102201834424978,0,Elite,Elite
Stanford Cardinal,15,12,0.8,0.553030692753234,8.066666666666666,0.558409645909646,0.30530369942157404,5,Elite,Elite
New Mexico Lobos,13,10,0.7692307692307693,0.5442010371715623,9.384615384615385,0.5230709461478692,0.31016058825477716,5,Mid,Elite
Tulsa Golden Hurricane,12,10,0.8333333333333334,0.5363673327032039,14.666666666666666,0.4132529507529507,0.1754866458631975,5,Elite,Elite
Northern Iowa Panthers,13,11,0.8461538461538461,0.527799841551437,9.846153846153847,0.4458426189195421,0.2244370193527298,3,Elite,Elite
Boise State Broncos,11,8,0.7272727272727273,0.5239793030669777,6.454545454545454,0.6561771561771562,0.4111334051256756,5,Mid,Elite
Tennessee Volunteers,14,10,0.7142857142857143,0.5228381725740969,18.0,0.49833856619570904,0.2998316934157356,1,Mid,Elite
UC San Diego Tritons,11,8,0.7272727272727273,0.5117157271616691,8.181818181818182,0.49952131202131206,0.220890235236976,5,Mid,Mid
Florida Gators,13,8,0.6153846153846154,0.5110057680448705,13.615384615384615,0.6092420400112708,0.38630222750010706,4,Mid,Mid
VCU Rams,12,9,0.75,0.5098835427970315,16.0,0.4673162485662486,0.24465148118182845,4,Mid,Mid
California Golden Bears,14,12,0.8571428571428571,0.49988909791018366,12.285714285714286,0.46657509157509164,0.24084345627034048,5,Elite,Mid
Notre Dame Fighting Irish,14,10,0.7142857142857143,0.498755695453326,8.857142857142858,0.5480781123638266,0.2880136043140036,2,Mid,Mid
Colorado Buffaloes,13,10,0.7692307692307693,0.495908369128625,8.0,0.5006858526089296,0.26944141213189005,5,Mid,Mid
NC State Wolfpack,14,9,0.6428571428571429,0.49423525177150035,14.071428571428571,0.5624716553287982,0.3433864722147132,1,Mid,Mid
Oklahoma St Cowboys,13,11,0.8461538461538461,0.49336041388487517,10.153846153846153,0.4433540818156203,0.252200991913634,5,Elite,Mid
Murray St Racers,16,13,0.8125,0.4911359464947946,10.8125,0.44189144189144186,0.22511117402008532,3,Elite,Mid
TCU Horned Frogs,14,11,0.7857142857142857,0.49015367066223614,14.928571428571429,0.42718392718392717,0.2709868918752572,0,Elite,Mid
Nevada Wolf Pack,13,10,0.7692307692307693,0.4886171059592182,6.3076923076923075,0.5693796588027358,0.3242836528804922,5,Mid,Mid
GW Revolutionaries,14,10,0.7142857142857143,0.4867170396408576,12.214285714285714,0.49319420658706375,0.25090566229869554,4,Mid,Mid
Ohio State Buckeyes,14,10,0.7142857142857143,0.4819925377057023,12.571428571428571,0.5548665620094192,0.30769339437005705,2,Mid,Mid
Stephen F. Austin Lumberjacks,13,10,0.7692307692307693,0.477262124585108,10.0,0.3692935269858347,0.15622679960317398,0,Mid,Mid
Washington Huskies,13,9,0.6923076923076923,0.4769103841082846,11.615384615384615,0.5071585465816235,0.2767271995892482,5,Mid,Mid
Miami (OH) RedHawks,10,10,1.0,0.4755713105758679,10.9,0.3180952380952381,0.15806322393130035,3,Elite,Mid
Clemson Tigers,14,11,0.7857142857142857,0.4686003375512658,13.214285714285714,0.4952309595166739,0.2865717792859523,1,Elite,Mid
Akron Zips,12,8,0.6666666666666666,0.4645550384571537,12.583333333333334,0.5765605921855923,0.2784606379412126,3,Mid,Mid
Yale Bulldogs,12,10,0.8333333333333334,0.45321422134153994,8.75,0.46065601065601064,0.23156629965658582,4,Elite,Mid
UCLA Bruins,14,10,0.7142857142857143,0.447960611250206,10.857142857142858,0.5253271238565356,0.3254968166529052,5,Mid,Mid
Baylor Bears,12,9,0.75,0.4469176058768195,14.916666666666666,0.433033633033633,0.26932777882225223,0,Mid,Mid
Liberty Flames,9,8,0.8888888888888888,0.44106917006112706,7.333333333333333,0.49162226662226666,0.2546320048903067,1,Elite,Mid
Oklahoma Sooners,13,10,0.7692307692307693,0.4394340130911204,14.76923076923077,0.4471810994435429,0.27358032864288373,5,Mid,Mid
Illinois St Redbirds,13,10,0.7692307692307693,0.43895455668951316,13.0,0.4219985143062067,0.19777374886915242,3,Mid,Mid
Buffalo Bulls,12,10,0.8333333333333334,0.4333478415651668,7.25,0.3994884744884745,0.1532243465309672,4,Elite,Mid
Auburn Tigers,14,9,0.6428571428571429,0.4269168235134559,8.214285714285714,0.6264259549973836,0.4249265040938365,1,Mid,Mid
San Diego St Aztecs,12,8,0.6666666666666666,0.42350525745406975,4.916666666666667,0.5691142191142191,0.36427638808914575,5,Mid,Mid
Wisconsin Badgers,14,9,0.6428571428571429,0.41853708396513695,8.428571428571429,0.5551650730222158,0.35568365502970034,2,Mid,Mid
Kentucky Wildcats,14,9,0.6428571428571429,0.4173330643028224,14.857142857142858,0.5317801945953206,0.37570116742325366,1,Mid,Mid
USC Trojans,13,10,0.7692307692307693,0.4170924993501631,5.538461538461538,0.5940498603960142,0.3855009163794507,5,Mid,Mid
St. Bonaventure Bonnies,12,9,0.75,0.41641924231969063,5.166666666666667,0.5634310134310134,0.2691008977130308,4,Mid,Mid
McNeese Cowboys,13,10,0.7692307692307693,0.4162797899683399,7.538461538461538,0.5193780578395962,0.31810849560913224,0,Mid,Mid
Missouri Tigers,14,11,0.7857142857142857,0.4141379381065455,11.714285714285714,0.4061759668902526,0.22888462585085959,2,Elite,Mid
Dayton Flyers,13,9,0.6923076923076923,0.41121596009558836,8.076923076923077,0.5116161616161615,0.28467733718860866,1,Mid,Mid
UNC Wilmington Seahawks,12,10,0.8333333333333334,0.41109456067134126,7.083333333333333,0.4181072399822401,0.15006138962249768,1,Elite,Mid
Colorado St Rams,12,8,0.6666666666666666,0.41011355534303867,5.583333333333333,0.5571858696858697,0.3012437394213447,5,Mid,Mid
Providence Friars,13,8,0.6153846153846154,0.40886855483096624,7.461538461538462,0.5485277542969851,0.3272920031254446,4,Mid,Mid
Wichita St Shockers,14,8,0.5714285714285714,0.402392395293429,8.857142857142858,0.521390514247657,0.2811919011723866,3,Mid,Mid
Arizona St Sun Devils,13,9,0.6923076923076923,0.3985180167170995,5.3076923076923075,0.5505434422289626,0.32161933787581337,5,Mid,Mid
West Virginia Mountaineers,13,9,0.6923076923076923,0.39716011402051504,15.153846153846153,0.3971995952765184,0.22091319326781203,4,Mid,Mid
Hawai'i Rainbow Warriors,12,9,0.75,0.39671326136747076,14.75,0.37505966255966255,0.17898766340205804,5,Mid,Mid
Butler Bulldogs,15,10,0.6666666666666666,0.3954654314290524,10.133333333333333,0.5538961038961039,0.3614102817465599,2,Mid,Mid
South Carolina Gamecocks,14,9,0.6428571428571429,0.3937702548272614,11.0,0.4781646924504067,0.24580395769648702,1,Mid,Mid
Seattle Redhawks,14,10,0.7142857142857143,0.39228428071237303,4.5,0.4938719718656694,0.296386525808397,5,Mid,Mid
Texas A&M Aggies,14,11,0.7857142857142857,0.3917678367663133,17.928571428571427,0.4257551971837686,0.24720399669323126,0,Elite,Mid
Creighton Bluejays,15,9,0.6,0.38954781107668707,7.133333333333334,0.5946875999817177,0.3599643210602933,5,Mid,Mid
Richmond Spiders,13,9,0.6923076923076923,0.3872445152643583,9.384615384615385,0.4398242782858167,0.22403579168526846,1,Mid,Mid
South Florida Bulls,10,6,0.6,0.38231379225176154,10.9,0.5643592518592518,0.3184687257709216,3,Mid,Mid
San Francisco Dons,15,10,0.6666666666666666,0.38132813596076365,5.8,0.4911477411477412,0.24165572297226015,5,Mid,Mid
Cincinnati Bearcats,14,8,0.5714285714285714,0.3804009783288372,9.071428571428571,0.5415810380096094,0.2819925320428415,1,Mid,Mid
Syracuse Orange,12,8,0.6666666666666666,0.37877017157705334,9.583333333333334,0.4781653531653532,0.26542711304211164,4,Mid,Mid
Wake Forest Demon Deacons,15,10,0.6666666666666666,0.3762157856364278,7.666666666666667,0.5924989824989825,0.36364287345652196,1,Mid,Mid
Utah Valley Wolverines,13,9,0.6923076923076923,0.3736722488082339,6.153846153846154,0.5234489869105253,0.253384702922203,5,Mid,Mid
Wyoming Cowboys,12,8,0.6666666666666666,0.37258063797784796,10.5,0.44898619898619896,0.22740111766856516,5,Mid,Mid
Northwestern Wildcats,14,8,0.5714285714285714,0.36086794998621047,9.928571428571429,0.5180307787450645,0.28524649318451206,2,Mid,Mid
Kansas St Wildcats,14,9,0.6428571428571429,0.3570711182578134,9.357142857142858,0.5792279149422006,0.3720496732818394,5,Mid,Mid
William & Mary Tribe,12,8,0.6666666666666666,0.3545537233379659,4.75,0.4959373959373959,0.24994629051693804,4,Mid,Mid
High Point Panthers,12,8,0.6666666666666666,0.3493369926624748,13.166666666666666,0.3897824397824398,0.14319538922385328,4,Mid,Mid
Marist Red Foxes,13,8,0.6153846153846154,0.3488067309536594,8.615384615384615,0.4275446775446775,0.15481729217408052,4,Mid,Mid
Georgia Tech Yellow Jackets,13,9,0.6923076923076923,0.3471846763875966,6.230769230769231,0.478639736332044,0.24870030811674185,4,Mid,Mid
Florida Atlantic Owls,13,7,0.5384615384615384,0.3444957816938961,5.538461538461538,0.6084753921292383,0.3359030317160367,0,Mid,Mid
Marshall Thundering Herd,12,8,0.6666666666666666,0.34300855528659946,1.8333333333333333,0.529596792096792,0.2598279420842355,1,Mid,Mid
Bowling Green Falcons,10,6,0.6,0.3420066177894556,8.3,0.560054945054945,0.2586981111264249,2,Mid,Mid
Grand Canyon Antelopes,13,8,0.6153846153846154,0.3307357122803842,6.6923076923076925,0.5127513512128897,0.2595763750252022,2,Mid,Mid
Kent State Golden Flashes,10,7,0.7,0.32463279302898634,0.8,0.4733422133422134,0.24947388142339424,4,Mid,Mid
Hofstra Pride,11,7,0.6363636363636364,0.32399087111746516,2.272727272727273,0.5477522477522478,0.2608593233514507,4,Mid,Mid
Mississippi St Bulldogs,13,8,0.6153846153846154,0.3194161100840171,3.769230769230769,0.5937588052972669,0.3365950569927956,0,Mid,Mid
Davidson Wildcats,13,8,0.6153846153846154,0.3162826638682362,1.9230769230769231,0.528314313891237,0.3036400471058824,4,Mid,Mid
Arkansas St Red Wolves,13,8,0.6153846153846154,0.31579394420725077,0.38461538461538464,0.5418542995466071,0.27073577809246646,0,Mid,Mid
UC Irvine Anteaters,14,9,0.6428571428571429,0.3157579496278559,3.5,0.4736023896738182,0.23050541201667626,5,Mid,Mid
Oregon Ducks,15,8,0.5333333333333333,0.31531191675227044,4.333333333333333,0.5554557207498384,0.30413637200454846,5,Mid,Mid
Columbia Lions,12,9,0.75,0.3145746630957565,6.25,0.37488622488622486,0.1961644983619165,4,Mid,Mid
Texas Longhorns,12,7,0.5833333333333334,0.31241468476913664,11.25,0.4579802142302143,0.3092975130195296,4,Mid,Mid
Quinnipiac Bobcats,13,8,0.6153846153846154,0.3123562508001486,0.38461538461538464,0.5044096928712314,0.25826122036173943,4,Mid,Mid
Loyola Marymount Lions,16,9,0.5625,0.30807091812700454,3.3125,0.5003718248663103,0.2950296551613613,5,Mid,Mid
St. Thomas (MN) Tommies,12,8,0.6666666666666666,0.3057436120904747,4.083333333333333,0.416571275946276,0.1932676586884132,5,Mid,Mid
Massachusetts Minutemen,10,6,0.6,0.3053695434132836,4.9,0.44085081585081587,0.1978434895273657,4,Mid,Mid
North Dakota St Bison,13,8,0.6153846153846154,0.3015277361096344,3.8461538461538463,0.3961692153999846,0.16591540457091847,5,Mid,Mid
Rhode Island Rams,14,8,0.5714285714285714,0.29521962730219975,5.142857142857143,0.49574592074592083,0.2391252973806883,4,Mid,Mid
UAB Blazers,12,7,0.5833333333333334,0.29489755426833353,7.083333333333333,0.4394161394161394,0.23004395983773818,3,Mid,Mid
Minnesota Golden Gophers,14,9,0.6428571428571429,0.2947579461753363,7.785714285714286,0.4470238095238095,0.29650819170222265,2,Mid,Mid
Memphis Tigers,14,7,0.5,0.2939707598515941,0.9285714285714286,0.5982469911041338,0.3541737502276532,0,Mid,Mid
Ole Miss Rebels,14,8,0.5714285714285714,0.2928896811013905,6.428571428571429,0.4858990216133074,0.2742193701020538,0,Mid,Mid
Fordham Rams,11,6,0.5454545454545454,0.2912272071554961,6.7272727272727275,0.4022636454454636,0.16060612586995304,4,Mid,Mid
Troy Trojans,13,8,0.6153846153846154,0.2849523301116032,2.0,0.5683428750736442,0.250050941933345,5,Mid,Mid
DePaul Blue Demons,15,9,0.6,0.2849212026892229,5.2,0.5008147408147408,0.31748838235918897,4,Mid,Mid
Georgetown Hoyas,13,8,0.6153846153846154,0.2771999156799084,3.6923076923076925,0.49308960270498736,0.2745982794404917,1,Mid,Mid
Pittsburgh Panthers,15,7,0.4666666666666667,0.27656660383499393,4.6,0.606840196840197,0.3373758366165668,4,Mid,Mid
Cal Baptist Lancers,16,10,0.625,0.2764247129522805,2.0625,0.43757284382284384,0.21613330018149143,5,Mid,Mid
Duquesne Dukes,12,7,0.5833333333333334,0.27629448795503714,4.916666666666667,0.5145757020757021,0.2808106173763117,4,Mid,Mid
North Texas Mean Green,13,8,0.6153846153846154,0.27265093203013274,0.8461538461538461,0.4844322344322345,0.27265973945180155,0,Mid,Mid
Penn State Nittany Lions,13,8,0.6153846153846154,0.2703436358536497,0.7692307692307693,0.4744575936883629,0.28036250795881706,4,Mid,Mid
Temple Owls,14,9,0.6428571428571429,0.2683320809378795,4.214285714285714,0.43106734535305957,0.22843297077659838,4,Mid,Mid
East Tennessee St Buccaneers,10,5,0.5,0.2666476841203637,3.7,0.46680708180708186,0.2135127231563972,1,Mid,Mid
Elon Phoenix,12,6,0.5,0.2618606466657464,2.75,0.5257104007104006,0.25487163779840616,1,Mid,Mid
Siena Saints,13,8,0.6153846153846154,0.2577939753536833,4.846153846153846,0.3826647711263096,0.16984922533331157,4,Mid,Mid
Pacific Tigers,14,8,0.5714285714285714,0.25756841074189485,2.4285714285714284,0.45719845630559913,0.23688525748995362,5,Mid,Mid
Tenn-Martin Skyhawks,11,8,0.7272727272727273,0.25727920205086746,2.6363636363636362,0.3638028638028638,0.14138595957946742,3,Mid,Mid
Furman Paladins,11,7,0.6363636363636364,0.2571987218263674,0.0,0.5183725365543547,0.2349049800214785,1,Mid,Mid
Pennsylvania Quakers,10,5,0.5,0.2552797023003333,-0.1,0.5003879453879454,0.2463766822574785,4,Mid,Mid
Boston College Eagles,14,7,0.5,0.25400461813506553,2.7857142857142856,0.4769748109033824,0.21888361965598682,4,Mid,Mid
Xavier Musketeers,14,8,0.5714285714285714,0.2522914979052969,-0.2857142857142857,0.5751474715760428,0.3476545989892612,4,Mid,Mid
Bradley Braves,14,8,0.5714285714285714,0.2520170521594568,3.642857142857143,0.4943199657485372,0.25885907162940847,3,Mid,Mid
Charlotte 49ers,13,6,0.46153846153846156,0.2503865006198701,0.38461538461538464,0.5286572401957017,0.27244010961199017,3,Mid,Mid
Wright St Raiders,12,6,0.5,0.250071898956262,1.75,0.5049769674769676,0.22796791017279275,2,Mid,Mid
UC Davis Aggies,12,6,0.5,0.2494395505462488,-0.9166666666666666,0.49337225274725277,0.25415038720095934,5,Mid,Mid
Toledo Rockets,12,6,0.5,0.24920469241255697,-0.75,0.5376831501831502,0.27023901569520903,2,Mid,Mid
UT-Arlington Mavericks,13,8,0.6153846153846154,0.24762651116601525,0.6923076923076923,0.4646705858244319,0.24416873488090565,5,Mid,Mid
UNLV Rebels,12,6,0.5,0.2452418586248931,1.9166666666666667,0.5164668664668665,0.2438349416917852,1,Mid,Mid
Western Kentucky Hilltoppers,11,6,0.5454545454545454,0.24314497016101763,0.2727272727272727,0.5062573789846517,0.29446708713099107,3,Mid,Mid
Middle Tennessee Blue Raiders,11,6,0.5454545454545454,0.24203977177559086,-1.4545454545454546,0.6454390306663034,0.41282063281321507,3,Mid,Mid
Sam Houston St Bearkats,11,5,0.45454545454545453,0.2405075438199482,0.09090909090909091,0.5383621429075975,0.28078344761647683,5,Mid,Mid
Iona Gaels,15,10,0.6666666666666666,0.23928231873123468,-1.2,0.45458541458541457,0.2307471071009895,4,Mid,Mid
Utah Utes,14,8,0.5714285714285714,0.23644664113456698,1.0714285714285714,0.5122228961514675,0.2749151860707183,5,Mid,Mid
Florida Int'l Golden Panthers,10,5,0.5,0.23593190522299182,-1.2,0.5662770562770563,0.3254761549554549,0,Mid,Mid
New Mexico St Aggies,9,4,0.4444444444444444,0.23326202080722386,-0.7777777777777778,0.5793373293373293,0.2766210707612376,5,Mid,Mid
Florida St Seminoles,15,7,0.4666666666666667,0.2309151022835969,4.666666666666667,0.564977244977245,0.3297454416496079,0,Mid,Mid
Tarleton State Texans,12,7,0.5833333333333334,0.23008409932503696,0.3333333333333333,0.5193013005513006,0.2858276822812958,0,Mid,Mid
Montana St Bobcats,12,5,0.4166666666666667,0.2287693018914934,0.16666666666666666,0.5110209235209234,0.26905637493070617,5,Mid,Mid
Idaho Vandals,10,6,0.6,0.22720389581299508,3.0,0.38068806193806193,0.16101354355236508,5,Mid,Mid
Incarnate Word Cardinals,11,5,0.45454545454545453,0.2236649640416773,-0.18181818181818182,0.5146520146520146,0.26518620538107657,0,Mid,Mid
Charleston Cougars,14,8,0.5714285714285714,0.2233867330023363,0.6428571428571429,0.4836778301064015,0.2635368266270936,3,Mid,Mid
Lindenwood Lions,11,7,0.6363636363636364,0.2208748306896399,-1.0909090909090908,0.4193231011412829,0.23275158444917754,3,Mid,Mid
Portland St Vikings,10,5,0.5,0.21504273692101655,-0.3,0.5043423243423244,0.23756393475014548,5,Mid,Mid
Vermont Catamounts,11,5,0.45454545454545453,0.21282938696475456,0.7272727272727273,0.5281274281274281,0.22607090671316837,4,Mid,Mid
Navy Midshipmen,10,6,0.6,0.21094286548739255,2.4,0.42173853923853927,0.18155445870682818,4,Mid,Mid
LIU Sharks,13,7,0.5384615384615384,0.20956888630099568,0.07692307692307693,0.4365032403493942,0.21434853664523115,2,Mid,Mid
Lipscomb Bisons,10,5,0.5,0.2093820091568897,-2.2,0.46454545454545454,0.29289769365272145,1,Mid,Mid
Southern Illinois Salukis,13,6,0.46153846153846156,0.20475223925248587,-0.15384615384615385,0.5892527344450421,0.31728226995775083,3,Mid,Mid
Idaho State Bengals,12,5,0.4166666666666667,0.20377590152256125,1.1666666666666667,0.4621003996003996,0.24132351700247523,5,Mid,Mid
Maryland Terrapins,14,7,0.5,0.20363024868595256,-2.5,0.5199283559577677,0.3546631744705802,1,Mid,Mid
Montana Grizzlies,10,5,0.5,0.20203562130642327,-4.1,0.5329886779886779,0.26798268129752484,5,Mid,Mid
Fresno St Bulldogs,13,5,0.38461538461538464,0.20121483771862467,-0.3076923076923077,0.5453354337969722,0.29887856923898204,5,Mid,Mid
Washington St Cougars,16,7,0.4375,0.20051869360824445,-0.8125,0.5496136675824176,0.3016835722006559,5,Mid,Mid
Tulane Green Wave,14,10,0.7142857142857143,0.19959882702763437,-1.7142857142857142,0.4995899933399933,0.23873084170268086,0,Mid,Mid
N Colorado Bears,11,6,0.5454545454545454,0.1977822260629189,0.09090909090909091,0.4386628522992159,0.2207673732075637,5,Mid,Mid
Rutgers Scarlet Knights,15,8,0.5333333333333333,0.19769173205332663,-2.2666666666666666,0.5214285714285715,0.3470055418485875,4,Mid,Mid
South Alabama Jaguars,14,9,0.6428571428571429,0.19474169771796643,1.0,0.3514117826617827,0.15241201381222655,0,Mid,Mid
UC Santa Barbara Gauchos,12,6,0.5,0.19385028286850545,1.0833333333333333,0.3661668192918193,0.16948762999367717,5,Mid,Mid
Kennesaw St Owls,8,4,0.5,0.18923339258643593,1.25,0.44921051171051174,0.22298712293346057,1,Mid,Mid
Oakland Golden Grizzlies,14,6,0.42857142857142855,0.18814465221092563,-6.0,0.6693746729461015,0.41534802701549517,2,Mid,Mid
Florida Gulf Coast Eagles,12,4,0.3333333333333333,0.18642260231349547,-3.75,0.5082264957264958,0.26366843336559825,0,Bottom,Mid
Northern Kentucky Norse,13,7,0.5384615384615384,0.18438448299981794,-0.15384615384615385,0.39783677860600936,0.15941165419945189,2,Mid,Mid
UT Rio Grande Valley Vaqueros,13,5,0.38461538461538464,0.18367410743449875,-1.0769230769230769,0.500522981292212,0.2580620606987891,0,Mid,Mid
Drake Bulldogs,12,5,0.4166666666666667,0.1811803973676443,1.6666666666666667,0.5180565961815962,0.24896623369818302,3,Mid,Mid
Jacksonville St Gamecocks,10,4,0.4,0.18035963267525662,-1.3,0.489002109002109,0.1951686102920213,1,Mid,Mid
Mercer Bears,9,3,0.3333333333333333,0.17917883797518203,-3.111111111111111,0.5765831390831391,0.30986667061939016,1,Bottom,Mid
Valparaiso Beacons,14,6,0.42857142857142855,0.17782889328455706,-1.5714285714285714,0.43538336663336663,0.2215105017900622,3,Mid,Mid
Ohio Bobcats,13,6,0.46153846153846156,0.17754839098295194,-4.0,0.5771097492251338,0.34038579636785293,2,Mid,Mid
Robert Morris Colonials,13,8,0.6153846153846154,0.17707851063900273,-1.7692307692307692,0.39553907630830704,0.18645091949054288,2,Mid,Mid
Southern Miss Golden Eagles,13,6,0.46153846153846156,0.17468391259119476,-1.9230769230769231,0.4833659929813775,0.24612380839015202,0,Mid,Mid
Charleston Southern Buccaneers,14,8,0.5714285714285714,0.1729070069552341,2.642857142857143,0.3849876314162029,0.1837563499796675,1,Mid,Mid
Oregon St Beavers,16,8,0.5,0.17277911497527287,-3.8125,0.4833247481684982,0.2559014880957765,5,Mid,Mid
Indiana St Sycamores,13,6,0.46153846153846156,0.171229321751495,-2.6923076923076925,0.5176887215348753,0.2750246431835705,3,Mid,Mid
Towson Tigers,12,5,0.4166666666666667,0.1698318925525158,-2.9166666666666665,0.5035450660450661,0.2687856762957901,4,Mid,Mid
Abilene Christian Wildcats,12,6,0.5,0.16316114114207791,-6.0,0.5098239723239724,0.29894140535151514,5,Mid,Mid
Georgia Southern Eagles,13,8,0.6153846153846154,0.16216283605616502,0.3076923076923077,0.36169599631138094,0.130881147819116,1,Mid,Mid
Utah Tech Trailblazers,13,6,0.46153846153846156,0.15953347075353372,-3.230769230769231,0.4714016752478291,0.26925926875651446,5,Mid,Mid
CSU Northridge Matadors,14,7,0.5,0.15918775773301141,-4.571428571428571,0.49848246991104134,0.2405843243934021,5,Mid,Mid
Longwood Lancers,10,4,0.4,0.1562323060710453,-1.9,0.3749145299145299,0.16930370002540548,4,Mid,Mid
Weber State Wildcats,13,5,0.38461538461538464,0.15527189618375808,0.07692307692307693,0.44096928712313327,0.21400297855830572,5,Mid,Mid
Central Arkansas Bears,10,4,0.4,0.15475169634745528,-4.9,0.5295071595071594,0.33077065597355926,0,Mid,Mid
Portland Pilots,14,5,0.35714285714285715,0.15187543235484416,-6.071428571428571,0.5619038699395843,0.3186834308312768,5,Bottom,Mid
Grambling St Tigers,12,6,0.5,0.15178851454999034,-4.083333333333333,0.46192488067488074,0.21778921807708151,0,Mid,Mid
South Dakota St Jackrabbits,14,5,0.35714285714285715,0.15172085393433687,-1.2857142857142858,0.5059916274201989,0.2549270294073576,5,Bottom,Mid
Wofford Terriers,12,7,0.5833333333333334,0.1511979870019475,-2.1666666666666665,0.37854090354090353,0.19412210298300783,1,Mid,Mid
Austin Peay Governors,9,4,0.4444444444444444,0.1510075714169351,-1.5555555555555556,0.45420690420690424,0.23668267046971175,1,Mid,Mid
Tennessee St Tigers,10,6,0.6,0.15072977808938368,-3.8,0.449050949050949,0.2180528816277548,3,Mid,Mid
Delaware Blue Hens,12,5,0.4166666666666667,0.14888752672502556,-2.9166666666666665,0.46153568653568655,0.21627549670447563,4,Mid,Mid
Cornell Big Red,11,4,0.36363636363636365,0.14815749946352025,-3.090909090909091,0.5319135410044502,0.28054039113579105,4,Bottom,Mid
Texas A&M-CC Islanders,11,4,0.36363636363636365,0.14792791047274065,-5.363636363636363,0.5576998758816941,0.29910544757913776,0,Bottom,Mid
SE Missouri St Redhawks,11,5,0.45454545454545453,0.14693211461173394,-2.5454545454545454,0.4607559107559107,0.23329932899429115,3,Mid,Mid
Missouri St Bears,11,5,0.45454545454545453,0.14567274504243347,-3.4545454545454546,0.47631055812873996,0.22430690031250453,5,Mid,Mid
Colgate Raiders,12,5,0.4166666666666667,0.1454417054808372,-4.5,0.4647533022533023,0.2753039821905177,4,Mid,Mid
Saint Peter's Peacocks,9,4,0.4444444444444444,0.14419134975884815,-3.888888888888889,0.5123154623154623,0.25609280613719587,4,Mid,Mid
Campbell Fighting Camels,14,6,0.42857142857142855,0.14200727412850184,-8.285714285714286,0.5262797426662974,0.273392963978706,2,Mid,Mid
Merrimack Warriors,13,7,0.5384615384615384,0.14152061671593635,-5.153846153846154,0.371432413740106,0.18052566940217799,4,Mid,Mid
Monmouth Hawks,11,4,0.36363636363636365,0.14069921041741668,-2.090909090909091,0.43180909999091815,0.21994591040174746,4,Bottom,Mid
Howard Bison,11,5,0.45454545454545453,0.13686157684150965,-5.545454545454546,0.4656025792389428,0.23103599845963022,1,Mid,Mid
Radford Highlanders,11,5,0.45454545454545453,0.135669631636461,-0.6363636363636364,0.4791458541458541,0.2570964178368454,1,Mid,Mid
Youngstown St Penguins,12,5,0.4166666666666667,0.13517476265949638,-1.25,0.4586385836385836,0.17690915749901948,2,Mid,Mid
Winthrop Eagles,12,4,0.3333333333333333,0.13489958534923896,-2.5,0.518925518925519,0.2772621993705891,1,Bottom,Mid
CSU Fullerton Titans,13,4,0.3076923076923077,0.13365591648602954,-7.923076923076923,0.581389123696816,0.2983354333182798,5,Bottom,Mid
UMBC Retrievers,9,4,0.4444444444444444,0.13325308259812502,-3.7777777777777777,0.4384106634106634,0.21219022983180177,4,Mid,Mid
James Madison Dukes,13,6,0.46153846153846156,0.13234755378157878,-4.3076923076923075,0.48274161735700194,0.23708564721436198,4,Mid,Mid
Texas State Bobcats,13,7,0.5384615384615384,0.13103545782905465,-3.6153846153846154,0.40134352826660513,0.16610627838805947,0,Mid,Mid
Marquette Golden Eagles,14,4,0.2857142857142857,0.1305425074316101,-2.9285714285714284,0.5829456258027687,0.3796772309453699,1,Bottom,Mid
Milwaukee Panthers,15,6,0.4,0.1304830753854641,-4.733333333333333,0.4987956487956488,0.2548475881059215,2,Mid,Mid
Hampton Pirates,14,6,0.42857142857142855,0.12893244787536015,-2.142857142857143,0.4034299034299034,0.16883607203533138,4,Mid,Mid
Louisiana Tech Bulldogs,10,4,0.4,0.12885080972096302,-4.2,0.45432442557442554,0.18310466241608592,3,Mid,Mid
Eastern Michigan Eagles,13,5,0.38461538461538464,0.1284522354600949,-5.153846153846154,0.48255846717385187,0.25216993541644117,2,Mid,Mid
Central Connecticut St Blue Devils,10,5,0.5,0.12802259362886462,-3.1,0.43476412476412485,0.20841307256537628,4,Mid,Mid
Dartmouth Big Green,12,5,0.4166666666666667,0.12740735310103127,-3.25,0.4291546416546416,0.20166076941769326,4,Mid,Mid
Fairfield Stags,11,4,0.36363636363636365,0.12733730433643126,-4.636363636363637,0.4777651641288005,0.185739020603416,4,Bottom,Mid
Nicholls St Colonels,13,6,0.46153846153846156,0.12634439210248458,-3.769230769230769,0.44018769691846615,0.20995676805298283,0,Mid,Mid
Saint Joseph's Hawks,12,5,0.4166666666666667,0.1259562507311793,-4.25,0.5027863340363341,0.2567604365145955,4,Mid,Mid
American Eagles,9,4,0.4444444444444444,0.12571379362287496,-10.222222222222221,0.48067673067673067,0.2784516668317951,4,Mid,Mid
Western Michigan Broncos,10,4,0.4,0.1249743066234545,-9.2,0.5293506493506493,0.24473556535605367,2,Mid,Mid
West Georgia Wolves,11,6,0.5454545454545454,0.12437767437201615,-7.2727272727272725,0.4840840977204613,0.25733936664722235,1,Mid,Mid
Appalachian St Mountaineers,13,6,0.46153846153846156,0.12363855464585258,-3.8461538461538463,0.41501831501831504,0.19136655182380105,1,Mid,Mid
Queens University Royals,13,5,0.38461538461538464,0.12363676903067203,-6.769230769230769,0.4894003432464971,0.2866936810649643,1,Mid,Mid
Harvard Crimson,11,4,0.36363636363636365,0.12172147679514773,-3.1818181818181817,0.4803953622135441,0.22777438986796394,4,Bottom,Mid
New Orleans Privateers,15,5,0.3333333333333333,0.115360116713725,-8.266666666666667,0.5034709734709735,0.2798248783134519,0,Bottom,Mid
San Jos√© St Spartans,12,3,0.25,0.11518528340852092,-8.25,0.6018217893217894,0.3725053817635193,5,Bottom,Mid
Drexel Dragons,13,4,0.3076923076923077,0.11414370088195754,-2.230769230769231,0.42701443855290006,0.17734142504829659,4,Bottom,Mid
Northeastern Huskies,12,4,0.3333333333333333,0.11347419432552172,-3.25,0.44811577311577316,0.18441354834235313,4,Bottom,Mid
Lamar Cardinals,11,4,0.36363636363636365,0.11334923173833161,-2.5454545454545454,0.3750283807101989,0.1799966001395199,0,Bottom,Mid
Samford Bulldogs,12,5,0.4166666666666667,0.11324828440309849,-5.583333333333333,0.4242845117845118,0.2076524079754565,1,Mid,Mid
Le Moyne Dolphins,10,4,0.4,0.1127918572163831,-3.4,0.3806432456432457,0.17967569597230712,4,Mid,Mid
South Dakota Coyotes,11,3,0.2727272727272727,0.11189856149113526,-8.727272727272727,0.486312172675809,0.23516198937296118,5,Bottom,Mid
Brown Bears,10,3,0.3,0.11127230305026217,-3.2,0.4556060606060607,0.1929885129259534,4,Bottom,Mid
Sacred Heart Pioneers,14,4,0.2857142857142857,0.10990598987591244,-5.571428571428571,0.45091812948955806,0.17370926832119,4,Bottom,Mid
Stony Brook Seawolves,13,6,0.46153846153846156,0.10789113293864287,-3.769230769230769,0.4670364891518738,0.21576800471285845,4,Mid,Bottom
North Carolina A&T Aggies,12,5,0.4166666666666667,0.10747978396236164,-2.0,0.3830100455100456,0.1641617529820491,1,Mid,Bottom
UNC Greensboro Spartans,10,4,0.4,0.10541330840550096,-8.4,0.40946886446886455,0.17382017835956368,1,Mid,Bottom
San Diego Toreros,15,5,0.3333333333333333,0.10434966712880411,-6.533333333333333,0.5493679196620374,0.3091134156662665,5,Bottom,Bottom
Wagner Seahawks,9,3,0.3333333333333333,0.10415387577986789,-5.666666666666667,0.4370691037357704,0.2226780167430164,4,Bottom,Bottom
Alabama A&M Bulldogs,11,4,0.36363636363636365,0.10410172417158958,-8.909090909090908,0.4649350649350648,0.20580402712538096,1,Bottom,Bottom
Army Knights,9,3,0.3333333333333333,0.10400949165013063,-9.666666666666666,0.48267781601114923,0.2637302229137699,4,Bottom,Bottom
La Salle Explorers,12,3,0.25,0.10362556615888022,-9.666666666666666,0.6158806471306472,0.36737484831447004,4,Bottom,Bottom
Eastern Kentucky Colonels,12,3,0.25,0.10192286358268383,-8.416666666666666,0.600387112887113,0.28935609624955744,3,Bottom,Bottom
Arkansas-Pine Bluff Golden Lions,10,3,0.3,0.1017121368823962,-16.0,0.5356972194472194,0.309743809749664,5,Bottom,Bottom
Princeton Tigers,15,4,0.26666666666666666,0.10132298074443695,-6.333333333333333,0.5087190587190588,0.22914249105546877,4,Bottom,Bottom
East Carolina Pirates,13,4,0.3076923076923077,0.1009040535251899,-9.923076923076923,0.6273034657650042,0.30724911730754195,1,Bottom,Bottom
SIU-Edwardsville Cougars,11,5,0.45454545454545453,0.10053171712225832,-2.3636363636363638,0.28208004117095026,0.1152586333462653,3,Mid,Bottom
South Carolina Upstate Spartans,14,5,0.35714285714285715,0.09883488303947194,-3.5,0.4811813186813187,0.2219122817159198,1,Bottom,Bottom
Coastal Carolina Chanticleers,15,7,0.4666666666666667,0.09752086328878562,-4.466666666666667,0.39515817515817525,0.1455923012995772,1,Mid,Bottom
UNC Asheville Bulldogs,12,3,0.25,0.09713509630853613,-7.166666666666667,0.5803266178266179,0.2643218972699711,3,Bottom,Bottom
Green Bay Phoenix,12,4,0.3333333333333333,0.09696060672242426,-8.416666666666666,0.5580280830280832,0.25564674975991847,2,Bottom,Bottom
Mercyhurst Lakers,12,3,0.25,0.09334508862274854,-7.583333333333333,0.48101181226181233,0.22396824919570388,4,Bottom,Bottom
Bucknell Bison,13,4,0.3076923076923077,0.09242605994323842,-11.538461538461538,0.450200227123304,0.2518995304975907,4,Bottom,Bottom
Bellarmine Knights,11,3,0.2727272727272727,0.09240665349729263,-9.272727272727273,0.5210028607755881,0.27631373866266684,1,Bottom,Bottom
Boston Univ. Terriers,11,3,0.2727272727272727,0.08971479578796482,-4.363636363636363,0.4164779664779665,0.16419641483556188,4,Bottom,Bottom
Tennessee Tech Golden Eagles,12,3,0.25,0.08924867664566008,-10.5,0.5508741258741259,0.23036494678526376,3,Bottom,Bottom
Manhattan Jaspers,14,6,0.42857142857142855,0.08770136989969625,-9.571428571428571,0.48794063079777356,0.2212250945087059,4,Mid,Bottom
Presbyterian Blue Hose,12,5,0.4166666666666667,0.08763345516208572,-6.166666666666667,0.4629273504273504,0.2017396897277667,1,Mid,Bottom
Western Carolina Catamounts,10,3,0.3,0.0876149933247118,-14.0,0.6022644022644024,0.32944542738429233,1,Bottom,Bottom
Pepperdine Waves,15,3,0.2,0.08629568672105149,-8.533333333333333,0.5325863678804855,0.30485090105980095,5,Bottom,Bottom
Denver Pioneers,14,5,0.35714285714285715,0.08572365436666193,-8.285714285714286,0.5180950002378574,0.30486064736479174,5,Bottom,Bottom
UIC Flames,11,1,0.09090909090909091,0.08529848228774112,-5.0,0.5556939272848364,0.2797701929961237,3,Bottom,Bottom
SE Louisiana Lions,13,4,0.3076923076923077,0.08527626028249158,-5.923076923076923,0.45480449038141335,0.22684098432452304,0,Bottom,Bottom
UC Riverside Highlanders,12,3,0.25,0.08366932273335356,-14.5,0.5703220390720392,0.2928474423320548,5,Bottom,Bottom
North Alabama Lions,9,3,0.3333333333333333,0.08182802524973044,-10.333333333333334,0.4629588004588005,0.23056061756444557,1,Bottom,Bottom
Bethune-Cookman Wildcats,12,3,0.25,0.08127820213373547,-18.166666666666668,0.6136964886964887,0.3962503342820814,0,Bottom,Bottom
New Haven Chargers,10,2,0.2,0.08110780838324899,-12.6,0.5890909090909091,0.3374103202101685,4,Bottom,Bottom
Fort Wayne Mastodons,14,6,0.42857142857142855,0.08079755875413505,-7.5,0.46650135578707014,0.23161764622662614,2,Mid,Bottom
Morehead St Eagles,12,4,0.3333333333333333,0.07806199343753492,-7.5,0.4912750444000444,0.23787061638168797,3,Bottom,Bottom
UMass Lowell River Hawks,12,3,0.25,0.0761462061606847,-13.583333333333334,0.5009282384282384,0.27925527882622236,4,Bottom,Bottom
Old Dominion Monarchs,14,3,0.21428571428571427,0.07602997267218964,-7.428571428571429,0.5902407116692832,0.28642772257064647,4,Bottom,Bottom
Northern Illinois Huskies,12,3,0.25,0.07486389796087463,-11.25,0.5325581825581825,0.25626883031930897,2,Bottom,Bottom
Canisius Golden Griffins,13,5,0.38461538461538464,0.0742005794868562,-13.384615384615385,0.48381404919866455,0.23022246154514,4,Mid,Bottom
Evansville Purple Aces,14,2,0.14285714285714285,0.07332538694599221,-11.714285714285714,0.6136232814804243,0.35499849034827813,3,Bottom,Bottom
Houston Christian Huskies,12,3,0.25,0.07209684638171722,-7.25,0.4485236985236985,0.23516289543060168,0,Bottom,Bottom
Loyola (Chi) Ramblers,14,5,0.35714285714285715,0.07194935509322777,-5.857142857142857,0.46340088482945624,0.2640351256372112,2,Bottom,Bottom
UTEP Miners,10,1,0.1,0.07166734144079723,-9.9,0.5830049117549116,0.2960727695310178,5,Bottom,Bottom
Detroit Mercy Titans,12,4,0.3333333333333333,0.07155816509058477,-7.833333333333333,0.4185966810966812,0.21382186837391592,2,Bottom,Bottom
NJIT Highlanders,11,4,0.36363636363636365,0.07151419116538113,-17.272727272727273,0.4301234119415937,0.2402397132657531,4,Bottom,Bottom
Cal Poly Mustangs,14,4,0.2857142857142857,0.07031973107859407,-7.071428571428571,0.5123459873459874,0.2554432301844971,5,Bottom,Bottom
Northern Arizona Lumberjacks,12,3,0.25,0.06986347506858184,-9.583333333333334,0.4605255855255855,0.24150744204629096,5,Bottom,Bottom
Long Beach St 49ers,13,3,0.23076923076923078,0.06846225972033183,-9.076923076923077,0.49708240477471244,0.2745774789509858,5,Bottom,Bottom
Air Force Falcons,12,3,0.25,0.06672330436056297,-10.0,0.5367993117993118,0.2572723959770811,5,Bottom,Bottom
Eastern Washington Eagles,12,1,0.08333333333333333,0.06629188320632813,-9.083333333333334,0.5810210622710622,0.3115991219871813,5,Bottom,Bottom
Holy Cross Crusaders,13,4,0.3076923076923077,0.06518573839869525,-10.615384615384615,0.4855260124490893,0.22899860838966157,4,Bottom,Bottom
Fairleigh Dickinson Knights,8,1,0.125,0.06493728743277453,-18.5,0.5267440892440892,0.3080287270701667,4,Bottom,Bottom
Stetson Hatters,11,3,0.2727272727272727,0.06450635795827953,-18.181818181818183,0.5221747949020675,0.25300510171123036,1,Bottom,Bottom
Bryant Bulldogs,12,3,0.25,0.0642335685395159,-13.166666666666666,0.5449897324897325,0.28747147373656873,4,Bottom,Bottom
Mt. St. Mary's Mountaineers,13,3,0.23076923076923078,0.0636290700977277,-9.461538461538462,0.4602192679115756,0.22135074906735625,4,Bottom,Bottom
North Dakota Fighting Hawks,15,5,0.3333333333333333,0.06330120721342683,-9.666666666666666,0.44285714285714284,0.22602905031791662,5,Bottom,Bottom
Central Michigan Chippewas,12,2,0.16666666666666666,0.06287440609184457,-11.75,0.49461996336996344,0.21180412870103882,2,Bottom,Bottom
Eastern Illinois Panthers,12,2,0.16666666666666666,0.06277961365076125,-15.0,0.5915459540459541,0.31773543829631107,3,Bottom,Bottom
Northwestern St Demons,12,2,0.16666666666666666,0.062239739238337935,-12.833333333333334,0.5731906981906981,0.2743393046323324,0,Bottom,Bottom
Alabama St Hornets,13,3,0.23076923076923078,0.06177614581625234,-11.846153846153847,0.49781500550731317,0.26597022362764794,0,Bottom,Bottom
Chattanooga Mocs,10,2,0.2,0.06042913695194261,-8.6,0.4539260739260739,0.21372801764429322,1,Bottom,Bottom
Georgia St Panthers,13,3,0.23076923076923078,0.060129357806261545,-10.846153846153847,0.48326289095519864,0.19500588434767924,1,Bottom,Bottom
Omaha Mavericks,12,3,0.25,0.060111090332578505,-8.916666666666666,0.47286151348651345,0.2391866847930635,5,Bottom,Bottom
Prairie View Panthers,10,1,0.1,0.0599717277059823,-14.7,0.6052447552447553,0.3163231323423113,0,Bottom,Bottom
Norfolk St Spartans,12,3,0.25,0.05940015887014187,-9.166666666666666,0.4120230463980464,0.2061922355942397,4,Bottom,Bottom
Florida A&M Rattlers,9,1,0.1111111111111111,0.05887757160614022,-19.333333333333332,0.5775631775631775,0.32647547088844636,0,Bottom,Bottom
New Hampshire Wildcats,10,2,0.2,0.05883106689096569,-16.3,0.5313569763569764,0.30318154284893956,4,Bottom,Bottom
Rice Owls,12,3,0.25,0.05782778662543289,-11.75,0.5239468864468865,0.27738811166577104,0,Bottom,Bottom
Lafayette Leopards,11,2,0.18181818181818182,0.05738303349065815,-7.454545454545454,0.4059864378046196,0.17806289327035427,4,Bottom,Bottom
Arkansas-Little Rock Trojans,13,3,0.23076923076923078,0.056207218030353466,-15.615384615384615,0.4362352391198545,0.18298572552752462,3,Bottom,Bottom
UTSA Roadrunners,12,2,0.16666666666666666,0.05535284471293037,-16.666666666666668,0.6106809856809857,0.280733104317121,5,Bottom,Bottom
CSU Bakersfield Roadrunners,13,4,0.3076923076923077,0.05518240234763067,-10.538461538461538,0.493956043956044,0.23062466688804228,5,Bottom,Bottom
VMI Keydets,10,3,0.3,0.05411829801698339,-14.7,0.4617765567765567,0.22296990501616656,1,Bottom,Bottom
Delaware St Hornets,9,2,0.2222222222222222,0.053745694225378116,-13.0,0.46372053872053864,0.19042413973528177,4,Bottom,Bottom
Southern Indiana Screaming Eagles,11,2,0.18181818181818182,0.05286317577003052,-8.363636363636363,0.3886749614022342,0.1433171867422005,3,Bottom,Bottom
Ball State Cardinals,10,1,0.1,0.052255826946580534,-9.4,0.4648205960705961,0.21098095971392938,3,Bottom,Bottom
Stonehill Skyhawks,11,2,0.18181818181818182,0.05076290562573243,-11.545454545454545,0.4197166469893743,0.21036426511773437,4,Bottom,Bottom
Oral Roberts Golden Eagles,12,1,0.08333333333333333,0.04736190405760197,-12.0,0.5989746364746366,0.3240852538807973,5,Bottom,Bottom
Jacksonville Dolphins,11,2,0.18181818181818182,0.04725132892130784,-15.0,0.5105394605394605,0.2627239952526183,0,Bottom,Bottom
Southern Jaguars,11,1,0.09090909090909091,0.04719801715400457,-16.272727272727273,0.48906926406926404,0.2866862004237593,0,Bottom,Bottom
Louisiana Ragin' Cajuns,16,3,0.1875,0.04716409582502601,-10.0625,0.47336829836829836,0.21543414365726582,0,Bottom,Bottom
Niagara Purple Eagles,11,2,0.18181818181818182,0.0471244730257716,-15.727272727272727,0.45545212363394183,0.22027976369172136,4,Bottom,Bottom
Albany Great Danes,13,1,0.07692307692307693,0.04475543311764235,-15.153846153846153,0.5288058095750403,0.25106494812757013,4,Bottom,Bottom
East Texas A&M Lions,12,2,0.16666666666666666,0.044041850540653654,-17.833333333333332,0.5744116994116993,0.3051796293465806,0,Bottom,Bottom
Sacramento St Hornets,10,0,0.0,0.042256386598846486,-14.5,0.5819139194139195,0.2890285827585469,5,Bottom,Bottom
Maryland-Eastern Shore Hawks,15,2,0.13333333333333333,0.041897608622208496,-16.066666666666666,0.5636345136345137,0.3062277136358656,4,Bottom,Bottom
Chicago St Cougars,12,1,0.08333333333333333,0.041758356173857716,-20.666666666666668,0.6251831501831501,0.3449382321948237,2,Bottom,Bottom
Cleveland St Vikings,11,1,0.09090909090909091,0.041127376396181525,-13.636363636363637,0.4781718281718282,0.19457199182367546,2,Bottom,Bottom
Lehigh Mountain Hawks,12,1,0.08333333333333333,0.04072524165802963,-9.75,0.4787716912716911,0.22301298587806584,4,Bottom,Bottom
North Carolina Central Eagles,10,1,0.1,0.0406891488127863,-20.5,0.551025641025641,0.30374893898696864,1,Bottom,Bottom
Maine Black Bears,10,1,0.1,0.03658653161683057,-14.4,0.49241924741924736,0.19292328676038778,4,Bottom,Bottom
Alcorn St Braves,10,0,0.0,0.035777713163099585,-29.7,0.6028354978354978,0.32415674543360407,0,Bottom,Bottom
Binghamton Bearcats,9,1,0.1111111111111111,0.034696112314064526,-17.0,0.4087801087801088,0.1647716838926104,4,Bottom,Bottom
Jackson St Tigers,14,2,0.14285714285714285,0.034193032412419846,-27.5,0.5259386446886447,0.3138204058514599,1,Bottom,Bottom
Rider Broncs,12,0,0.0,0.03251382157449066,-17.916666666666668,0.5578373015873016,0.27810124256752083,4,Bottom,Bottom
Loyola (MD) Greyhounds,11,1,0.09090909090909091,0.032225525505181304,-12.818181818181818,0.4218339741067014,0.17533540376518453,4,Bottom,Bottom
North Florida Ospreys,12,0,0.0,0.031236570978932187,-22.416666666666668,0.6321323012499483,0.3411023580990724,1,Bottom,Bottom
Texas Southern Tigers,11,0,0.0,0.030668084489944104,-23.272727272727273,0.5921079811454143,0.32761586087953726,0,Bottom,Bottom
Southern Utah Thunderbirds,11,0,0.0,0.03008362866451432,-20.545454545454547,0.5309286301933361,0.2692588073955722,5,Bottom,Bottom
Morgan St Bears,12,1,0.08333333333333333,0.029544051975284587,-18.5,0.4499945656195657,0.20229751651672856,4,Bottom,Bottom
UMKC Kangaroos,13,1,0.07692307692307693,0.029433914586063942,-15.384615384615385,0.5096442019518942,0.24051680714433651,5,Bottom,Bottom
Miss Valley St Delta Devils,14,0,0.0,0.029296270579917717,-30.214285714285715,0.5462415560629846,0.26156289898855806,0,Bottom,Bottom
IUPUI Jaguars,15,2,0.13333333333333333,0.028754144062567665,-11.466666666666667,0.4345099345099345,0.1803307031047054,2,Bottom,Bottom
Gardner-Webb Bulldogs,12,0,0.0,0.026244648124407948,-23.0,0.5609126984126984,0.2541919387996479,1,Bottom,Bottom
Western Illinois Leathernecks,12,1,0.08333333333333333,0.024906354190435326,-14.833333333333334,0.5055923243423243,0.18578828216858315,3,Bottom,Bottom
The Citadel Bulldogs,12,0,0.0,0.024836118427691012,-15.666666666666666,0.513465700965701,0.21182967438232622,1,Bottom,Bottom
St. Francis (PA) Red Flash,13,1,0.07692307692307693,0.023708665727355107,-23.53846153846154,0.5160794333871256,0.2647781981339431,4,Bottom,Bottom
South Carolina St Bulldogs,13,1,0.07692307692307693,0.02263603387642562,-25.46153846153846,0.5039281231588925,0.23443508760884557,1,Bottom,Bottom
UL Monroe Warhawks,13,1,0.07692307692307693,0.019588829323746067,-11.153846153846153,0.4513835523450908,0.20008971927629576,0,Bottom,Bottom
Coppin St Eagles,16,2,0.125,0.0,-25.9375,0.45843080530580527,0.2060503328264497,4,Bottom,Bottom
